﻿<?xml version="1.0" encoding="utf-8"?>
<abapGit version="v1.0.0" serializer="LCL_OBJECT_TTYP" serializer_version="v1.0.0">
 <asx:abap xmlns:asx="http://www.sap.com/abapxml" version="1.0">
  <asx:values>
   <DD40V>
    <TYPENAME>ZSHCH_T_CW1_ITEM_K</TYPENAME>
    <DDLANGUAGE>E</DDLANGUAGE>
    <ROWTYPE>ZSHCH_S_CW1_ITEM_K</ROWTYPE>
    <ROWKIND>S</ROWKIND>
    <DATATYPE>STRU</DATATYPE>
    <ACCESSMODE>T</ACCESSMODE>
    <KEYDEF>K</KEYDEF>
    <KEYKIND>N</KEYKIND>
    <KEYFDCOUNT>0001</KEYFDCOUNT>
    <DDTEXT>Car services - #GENERATED#</DDTEXT>
   </DD40V>
   <DD42V>
    <DD42V>
     <TYPENAME>ZSHCH_T_CW1_ITEM_K</TYPENAME>
     <KEYFDPOS>0001</KEYFDPOS>
     <ROWTYPEPOS>0001</ROWTYPEPOS>
     <KEYFIELD>KEY</KEYFIELD>
    </DD42V>
   </DD42V>
  </asx:values>
 </asx:abap>
</abapGit>
