﻿<?xml version="1.0" encoding="utf-8"?>
<abapGit version="v1.0.0" serializer="LCL_OBJECT_DTEL" serializer_version="v1.0.0">
 <asx:abap xmlns:asx="http://www.sap.com/abapxml" version="1.0">
  <asx:values>
   <DD04V>
    <ROLLNAME>ZSHCH_LAST_NAME</ROLLNAME>
    <DDLANGUAGE>E</DDLANGUAGE>
    <DOMNAME>ZSHCH_PERSON_NAME</DOMNAME>
    <HEADLEN>30</HEADLEN>
    <SCRLEN1>10</SCRLEN1>
    <SCRLEN2>20</SCRLEN2>
    <SCRLEN3>40</SCRLEN3>
    <DDTEXT>Last name</DDTEXT>
    <REPTEXT>Last name</REPTEXT>
    <SCRTEXT_S>Last name</SCRTEXT_S>
    <SCRTEXT_M>Last name</SCRTEXT_M>
    <SCRTEXT_L>Last name</SCRTEXT_L>
    <DTELMASTER>E</DTELMASTER>
    <REFKIND>D</REFKIND>
   </DD04V>
   <I18N_LANGS>
    <LANGU>R</LANGU>
   </I18N_LANGS>
   <DD04_TEXTS>
    <item>
     <DDLANGUAGE>R</DDLANGUAGE>
     <DDTEXT>Фамилия</DDTEXT>
     <REPTEXT>Фамилия</REPTEXT>
     <SCRTEXT_S>Фамилия</SCRTEXT_S>
     <SCRTEXT_M>Фамилия</SCRTEXT_M>
     <SCRTEXT_L>Фамилия</SCRTEXT_L>
    </item>
   </DD04_TEXTS>
  </asx:values>
 </asx:abap>
</abapGit>
