﻿<?xml version="1.0" encoding="utf-8"?>
<abapGit version="v1.0.0" serializer="LCL_OBJECT_DTEL" serializer_version="v1.0.0">
 <asx:abap xmlns:asx="http://www.sap.com/abapxml" version="1.0">
  <asx:values>
   <DD04V>
    <ROLLNAME>ZSHCH_PHONE_NUMBER</ROLLNAME>
    <DDLANGUAGE>E</DDLANGUAGE>
    <DOMNAME>CHAR20</DOMNAME>
    <HEADLEN>20</HEADLEN>
    <SCRLEN1>10</SCRLEN1>
    <SCRLEN2>20</SCRLEN2>
    <SCRLEN3>40</SCRLEN3>
    <DDTEXT>Phone number</DDTEXT>
    <REPTEXT>Phone number</REPTEXT>
    <SCRTEXT_S>Phone numb</SCRTEXT_S>
    <SCRTEXT_M>Phone number</SCRTEXT_M>
    <SCRTEXT_L>Phone number</SCRTEXT_L>
    <DTELMASTER>E</DTELMASTER>
    <REFKIND>D</REFKIND>
   </DD04V>
   <I18N_LANGS>
    <LANGU>R</LANGU>
   </I18N_LANGS>
   <DD04_TEXTS>
    <item>
     <DDLANGUAGE>R</DDLANGUAGE>
     <DDTEXT>Номер телефона</DDTEXT>
     <REPTEXT>Номер телефона</REPTEXT>
     <SCRTEXT_S>Тел. номер</SCRTEXT_S>
     <SCRTEXT_M>Номер телефона</SCRTEXT_M>
     <SCRTEXT_L>Номер телефона</SCRTEXT_L>
    </item>
   </DD04_TEXTS>
  </asx:values>
 </asx:abap>
</abapGit>
