﻿<?xml version="1.0" encoding="utf-8"?>
<abapGit version="v1.0.0" serializer="LCL_OBJECT_DTEL" serializer_version="v1.0.0">
 <asx:abap xmlns:asx="http://www.sap.com/abapxml" version="1.0">
  <asx:values>
   <DD04V>
    <ROLLNAME>ZSHCH_BIRTH_DATE</ROLLNAME>
    <DDLANGUAGE>E</DDLANGUAGE>
    <DOMNAME>DATUM</DOMNAME>
    <HEADLEN>55</HEADLEN>
    <SCRLEN1>10</SCRLEN1>
    <SCRLEN2>20</SCRLEN2>
    <SCRLEN3>40</SCRLEN3>
    <DDTEXT>Birth Date</DDTEXT>
    <REPTEXT>Birth date</REPTEXT>
    <SCRTEXT_S>Birth date</SCRTEXT_S>
    <SCRTEXT_M>Birth date</SCRTEXT_M>
    <SCRTEXT_L>Birth date</SCRTEXT_L>
    <DTELMASTER>E</DTELMASTER>
    <REFKIND>D</REFKIND>
   </DD04V>
   <I18N_LANGS>
    <LANGU>R</LANGU>
   </I18N_LANGS>
   <DD04_TEXTS>
    <item>
     <DDLANGUAGE>R</DDLANGUAGE>
     <DDTEXT>Дата рождения</DDTEXT>
     <REPTEXT>Дата рождения</REPTEXT>
     <SCRTEXT_S>Дата рожд.</SCRTEXT_S>
     <SCRTEXT_M>Дата рождения</SCRTEXT_M>
     <SCRTEXT_L>Дата рождения</SCRTEXT_L>
    </item>
   </DD04_TEXTS>
  </asx:values>
 </asx:abap>
</abapGit>
