﻿<?xml version="1.0" encoding="utf-8"?>
<abapGit version="v1.0.0" serializer="LCL_OBJECT_DTEL" serializer_version="v1.0.0">
 <asx:abap xmlns:asx="http://www.sap.com/abapxml" version="1.0">
  <asx:values>
   <DD04V>
    <ROLLNAME>ZSHCH_RENTAL_TOTAL</ROLLNAME>
    <DDLANGUAGE>E</DDLANGUAGE>
    <DOMNAME>ZSHCH_RENTAL</DOMNAME>
    <HEADLEN>55</HEADLEN>
    <SCRLEN1>10</SCRLEN1>
    <SCRLEN2>20</SCRLEN2>
    <SCRLEN3>40</SCRLEN3>
    <DDTEXT>Summary rental before applying the discount</DDTEXT>
    <REPTEXT>Summary rental before applying the discount</REPTEXT>
    <SCRTEXT_S>Sum rental</SCRTEXT_S>
    <SCRTEXT_M>Summary rental</SCRTEXT_M>
    <SCRTEXT_L>Summary rental before applying discount</SCRTEXT_L>
    <DTELMASTER>E</DTELMASTER>
    <REFKIND>D</REFKIND>
   </DD04V>
   <I18N_LANGS>
    <LANGU>R</LANGU>
   </I18N_LANGS>
   <DD04_TEXTS>
    <item>
     <DDLANGUAGE>R</DDLANGUAGE>
     <DDTEXT>Суммарная арендная плата без учета скидки</DDTEXT>
     <REPTEXT>Суммарная арендная плата без учета скидки</REPTEXT>
     <SCRTEXT_S>Сум аренда</SCRTEXT_S>
     <SCRTEXT_M>Суммарная аренда</SCRTEXT_M>
     <SCRTEXT_L>Суммарная арендная плата без скидки</SCRTEXT_L>
    </item>
   </DD04_TEXTS>
  </asx:values>
 </asx:abap>
</abapGit>
