﻿<?xml version="1.0" encoding="utf-8"?>
<abapGit version="v1.0.0" serializer="LCL_OBJECT_DTEL" serializer_version="v1.0.0">
 <asx:abap xmlns:asx="http://www.sap.com/abapxml" version="1.0">
  <asx:values>
   <DD04V>
    <ROLLNAME>ZSHCH_PAYMENT_STATUS</ROLLNAME>
    <DDLANGUAGE>E</DDLANGUAGE>
    <DOMNAME>ZSHCH_PAYMENT_STATUS</DOMNAME>
    <HEADLEN>55</HEADLEN>
    <SCRLEN1>10</SCRLEN1>
    <SCRLEN2>20</SCRLEN2>
    <SCRLEN3>40</SCRLEN3>
    <DDTEXT>Payment status</DDTEXT>
    <REPTEXT>Payment status</REPTEXT>
    <SCRTEXT_S>Payment</SCRTEXT_S>
    <SCRTEXT_M>Payment status</SCRTEXT_M>
    <SCRTEXT_L>Payment status</SCRTEXT_L>
    <DTELMASTER>E</DTELMASTER>
    <REFKIND>D</REFKIND>
   </DD04V>
   <I18N_LANGS>
    <LANGU>R</LANGU>
   </I18N_LANGS>
   <DD04_TEXTS>
    <item>
     <DDLANGUAGE>R</DDLANGUAGE>
     <DDTEXT>Статус оплаты</DDTEXT>
     <REPTEXT>Статус оплаты</REPTEXT>
     <SCRTEXT_S>Оплата</SCRTEXT_S>
     <SCRTEXT_M>Статус оплаты</SCRTEXT_M>
     <SCRTEXT_L>Статус оплаты</SCRTEXT_L>
    </item>
   </DD04_TEXTS>
  </asx:values>
 </asx:abap>
</abapGit>
