﻿<?xml version="1.0" encoding="utf-8"?>
<abapGit version="v1.0.0" serializer="LCL_OBJECT_TABL" serializer_version="v1.0.0">
 <asx:abap xmlns:asx="http://www.sap.com/abapxml" version="1.0">
  <asx:values>
   <DD02V>
    <TABNAME>ZSHCH_D_RORDER</TABNAME>
    <DDLANGUAGE>E</DDLANGUAGE>
    <TABCLASS>TRANSP</TABCLASS>
    <CLIDEP>X</CLIDEP>
    <DDTEXT>Rent orders</DDTEXT>
    <MAINFLAG>X</MAINFLAG>
    <CONTFLAG>A</CONTFLAG>
    <EXCLASS>3</EXCLASS>
   </DD02V>
   <DD09L>
    <TABNAME>ZSHCH_D_RORDER</TABNAME>
    <AS4LOCAL>A</AS4LOCAL>
    <TABKAT>0</TABKAT>
    <TABART>APPL1</TABART>
    <BUFALLOW>N</BUFALLOW>
   </DD09L>
   <DD03P_TABLE>
    <DD03P>
     <FIELDNAME>MANDT</FIELDNAME>
     <KEYFLAG>X</KEYFLAG>
     <ROLLNAME>MANDT</ROLLNAME>
     <ADMINFIELD>0</ADMINFIELD>
     <NOTNULL>X</NOTNULL>
     <COMPTYPE>E</COMPTYPE>
    </DD03P>
    <DD03P>
     <FIELDNAME>RENT_ORDER_ID</FIELDNAME>
     <KEYFLAG>X</KEYFLAG>
     <ROLLNAME>ZSHCH_RENT_ORDER_ID</ROLLNAME>
     <ADMINFIELD>0</ADMINFIELD>
     <NOTNULL>X</NOTNULL>
     <COMPTYPE>E</COMPTYPE>
    </DD03P>
    <DD03P>
     <FIELDNAME>SPACE_ID</FIELDNAME>
     <ROLLNAME>ZSHCH_SPACE_ID</ROLLNAME>
     <CHECKTABLE>ZSHCH_D_PSPACE</CHECKTABLE>
     <ADMINFIELD>0</ADMINFIELD>
     <SHLPORIGIN>P</SHLPORIGIN>
     <COMPTYPE>E</COMPTYPE>
    </DD03P>
    <DD03P>
     <FIELDNAME>RENTER_ID</FIELDNAME>
     <ROLLNAME>ZSHCH_RENTER_ID</ROLLNAME>
     <CHECKTABLE>ZSHCH_D_RENTER</CHECKTABLE>
     <ADMINFIELD>0</ADMINFIELD>
     <SHLPORIGIN>P</SHLPORIGIN>
     <COMPTYPE>E</COMPTYPE>
    </DD03P>
    <DD03P>
     <FIELDNAME>RENT_BEG_DATE</FIELDNAME>
     <ROLLNAME>ZSHCH_RENT_BEG_DATE</ROLLNAME>
     <ADMINFIELD>0</ADMINFIELD>
     <SHLPORIGIN>T</SHLPORIGIN>
     <COMPTYPE>E</COMPTYPE>
    </DD03P>
    <DD03P>
     <FIELDNAME>RENT_BEG_TIME</FIELDNAME>
     <ROLLNAME>ZSHCH_RENT_BEG_TIME</ROLLNAME>
     <ADMINFIELD>0</ADMINFIELD>
     <SHLPORIGIN>T</SHLPORIGIN>
     <COMPTYPE>E</COMPTYPE>
    </DD03P>
    <DD03P>
     <FIELDNAME>RENT_END_DATE</FIELDNAME>
     <ROLLNAME>ZSHCH_RENT_END_DATE</ROLLNAME>
     <ADMINFIELD>0</ADMINFIELD>
     <SHLPORIGIN>T</SHLPORIGIN>
     <COMPTYPE>E</COMPTYPE>
    </DD03P>
    <DD03P>
     <FIELDNAME>RENT_END_TIME</FIELDNAME>
     <ROLLNAME>ZSHCH_RENT_END_TIME</ROLLNAME>
     <ADMINFIELD>0</ADMINFIELD>
     <SHLPORIGIN>T</SHLPORIGIN>
     <COMPTYPE>E</COMPTYPE>
    </DD03P>
    <DD03P>
     <FIELDNAME>RENTAL_TOTAL</FIELDNAME>
     <ROLLNAME>ZSHCH_RENTAL_TOTAL</ROLLNAME>
     <ADMINFIELD>0</ADMINFIELD>
     <REFTABLE>TCURC</REFTABLE>
     <REFFIELD>WAERS</REFFIELD>
     <COMPTYPE>E</COMPTYPE>
    </DD03P>
    <DD03P>
     <FIELDNAME>RENTAL_DISCOUNT</FIELDNAME>
     <ROLLNAME>ZSHCH_RENTAL_DISCOUNT</ROLLNAME>
     <ADMINFIELD>0</ADMINFIELD>
     <REFTABLE>TCURC</REFTABLE>
     <REFFIELD>WAERS</REFFIELD>
     <COMPTYPE>E</COMPTYPE>
    </DD03P>
    <DD03P>
     <FIELDNAME>RENTAL_FINAL</FIELDNAME>
     <ROLLNAME>ZSHCH_RENTAL_FINAL</ROLLNAME>
     <ADMINFIELD>0</ADMINFIELD>
     <REFTABLE>TCURC</REFTABLE>
     <REFFIELD>WAERS</REFFIELD>
     <COMPTYPE>E</COMPTYPE>
    </DD03P>
    <DD03P>
     <FIELDNAME>PAYMENT_STATUS</FIELDNAME>
     <ROLLNAME>ZSHCH_PAYMENT_STATUS</ROLLNAME>
     <ADMINFIELD>0</ADMINFIELD>
     <VALEXI>X</VALEXI>
     <SHLPORIGIN>F</SHLPORIGIN>
     <COMPTYPE>E</COMPTYPE>
    </DD03P>
   </DD03P_TABLE>
   <DD05M_TABLE>
    <DD05M>
     <FIELDNAME>RENTER_ID</FIELDNAME>
     <FORTABLE>ZSHCH_D_RORDER</FORTABLE>
     <FORKEY>MANDT</FORKEY>
     <CHECKTABLE>ZSHCH_D_RENTER</CHECKTABLE>
     <CHECKFIELD>MANDT</CHECKFIELD>
     <PRIMPOS>0001</PRIMPOS>
     <DOMNAME>MANDT</DOMNAME>
     <DATATYPE>CLNT</DATATYPE>
    </DD05M>
    <DD05M>
     <FIELDNAME>RENTER_ID</FIELDNAME>
     <FORTABLE>ZSHCH_D_RORDER</FORTABLE>
     <FORKEY>RENTER_ID</FORKEY>
     <CHECKTABLE>ZSHCH_D_RENTER</CHECKTABLE>
     <CHECKFIELD>RENTER_ID</CHECKFIELD>
     <PRIMPOS>0002</PRIMPOS>
     <DOMNAME>ZSHCH_TYPICAL_ID</DOMNAME>
     <DATATYPE>NUMC</DATATYPE>
    </DD05M>
    <DD05M>
     <FIELDNAME>SPACE_ID</FIELDNAME>
     <FORTABLE>ZSHCH_D_RORDER</FORTABLE>
     <FORKEY>MANDT</FORKEY>
     <CHECKTABLE>ZSHCH_D_PSPACE</CHECKTABLE>
     <CHECKFIELD>MANDT</CHECKFIELD>
     <PRIMPOS>0001</PRIMPOS>
     <DOMNAME>MANDT</DOMNAME>
     <DATATYPE>CLNT</DATATYPE>
    </DD05M>
    <DD05M>
     <FIELDNAME>SPACE_ID</FIELDNAME>
     <FORTABLE>ZSHCH_D_RORDER</FORTABLE>
     <FORKEY>SPACE_ID</FORKEY>
     <CHECKTABLE>ZSHCH_D_PSPACE</CHECKTABLE>
     <CHECKFIELD>SPACE_ID</CHECKFIELD>
     <PRIMPOS>0002</PRIMPOS>
     <DOMNAME>ZSHCH_TYPICAL_ID</DOMNAME>
     <DATATYPE>NUMC</DATATYPE>
    </DD05M>
   </DD05M_TABLE>
   <DD08V_TABLE>
    <DD08V>
     <FIELDNAME>RENTER_ID</FIELDNAME>
     <CHECKTABLE>ZSHCH_D_RENTER</CHECKTABLE>
     <FRKART>KEY</FRKART>
     <CARD>CN</CARD>
     <CARDLEFT>1</CARDLEFT>
    </DD08V>
    <DD08V>
     <FIELDNAME>SPACE_ID</FIELDNAME>
     <CHECKTABLE>ZSHCH_D_PSPACE</CHECKTABLE>
     <FRKART>KEY</FRKART>
     <CARD>CN</CARD>
     <CARDLEFT>1</CARDLEFT>
    </DD08V>
   </DD08V_TABLE>
   <I18N_LANGS>
    <LANGU>R</LANGU>
   </I18N_LANGS>
   <DD02_TEXTS>
    <item>
     <DDLANGUAGE>R</DDLANGUAGE>
     <DDTEXT>Заказы аренды</DDTEXT>
    </item>
   </DD02_TEXTS>
  </asx:values>
 </asx:abap>
</abapGit>
