﻿<?xml version="1.0" encoding="utf-8"?>
<abapGit version="v1.0.0" serializer="LCL_OBJECT_DTEL" serializer_version="v1.0.0">
 <asx:abap xmlns:asx="http://www.sap.com/abapxml" version="1.0">
  <asx:values>
   <DD04V>
    <ROLLNAME>ZSHCH_PASSPORT</ROLLNAME>
    <DDLANGUAGE>E</DDLANGUAGE>
    <DOMNAME>ZSHCH_PASSPORT</DOMNAME>
    <HEADLEN>55</HEADLEN>
    <SCRLEN1>10</SCRLEN1>
    <SCRLEN2>20</SCRLEN2>
    <SCRLEN3>40</SCRLEN3>
    <DDTEXT>Passport number</DDTEXT>
    <REPTEXT>Passport number</REPTEXT>
    <SCRTEXT_S>Passport #</SCRTEXT_S>
    <SCRTEXT_M>Passport number</SCRTEXT_M>
    <SCRTEXT_L>Passport number</SCRTEXT_L>
    <DTELMASTER>E</DTELMASTER>
    <REFKIND>D</REFKIND>
   </DD04V>
   <I18N_LANGS>
    <LANGU>R</LANGU>
   </I18N_LANGS>
   <DD04_TEXTS>
    <item>
     <DDLANGUAGE>R</DDLANGUAGE>
     <DDTEXT>Номер паспорта</DDTEXT>
     <REPTEXT>Номер паспорта</REPTEXT>
     <SCRTEXT_S>№ Паспорта</SCRTEXT_S>
     <SCRTEXT_M>Номер паспорта</SCRTEXT_M>
     <SCRTEXT_L>Номер паспорта</SCRTEXT_L>
    </item>
   </DD04_TEXTS>
  </asx:values>
 </asx:abap>
</abapGit>
