﻿<?xml version="1.0" encoding="utf-8"?>
<abapGit version="v1.0.0" serializer="LCL_OBJECT_DTEL" serializer_version="v1.0.0">
 <asx:abap xmlns:asx="http://www.sap.com/abapxml" version="1.0">
  <asx:values>
   <DD04V>
    <ROLLNAME>ZSHCH_CONTACT_ID</ROLLNAME>
    <DDLANGUAGE>E</DDLANGUAGE>
    <DOMNAME>ZSHCH_TYPICAL_ID</DOMNAME>
    <HEADLEN>55</HEADLEN>
    <SCRLEN1>10</SCRLEN1>
    <SCRLEN2>20</SCRLEN2>
    <SCRLEN3>40</SCRLEN3>
    <DDTEXT>Person contact ID</DDTEXT>
    <REPTEXT>Person contact ID</REPTEXT>
    <SCRTEXT_S>Contact ID</SCRTEXT_S>
    <SCRTEXT_M>Person contact ID</SCRTEXT_M>
    <SCRTEXT_L>Person contact ID</SCRTEXT_L>
    <DTELMASTER>E</DTELMASTER>
    <REFKIND>D</REFKIND>
   </DD04V>
   <I18N_LANGS>
    <LANGU>R</LANGU>
   </I18N_LANGS>
   <DD04_TEXTS>
    <item>
     <DDLANGUAGE>R</DDLANGUAGE>
     <DDTEXT>Идентификатор контакта</DDTEXT>
     <REPTEXT>Идентификатор контакта</REPTEXT>
     <SCRTEXT_S>ID контакт</SCRTEXT_S>
     <SCRTEXT_M>ID контакта</SCRTEXT_M>
     <SCRTEXT_L>Идентификатор контакта</SCRTEXT_L>
    </item>
   </DD04_TEXTS>
  </asx:values>
 </asx:abap>
</abapGit>
