﻿<?xml version="1.0" encoding="utf-8"?>
<abapGit version="v1.0.0" serializer="LCL_OBJECT_DTEL" serializer_version="v1.0.0">
 <asx:abap xmlns:asx="http://www.sap.com/abapxml" version="1.0">
  <asx:values>
   <DD04V>
    <ROLLNAME>ZSHCH_RENTER_ID</ROLLNAME>
    <DDLANGUAGE>E</DDLANGUAGE>
    <DOMNAME>ZSHCH_TYPICAL_ID</DOMNAME>
    <HEADLEN>55</HEADLEN>
    <SCRLEN1>10</SCRLEN1>
    <SCRLEN2>20</SCRLEN2>
    <SCRLEN3>40</SCRLEN3>
    <DDTEXT>Renter ID</DDTEXT>
    <REPTEXT>Renter ID</REPTEXT>
    <SCRTEXT_S>Renter ID</SCRTEXT_S>
    <SCRTEXT_M>Renter ID</SCRTEXT_M>
    <SCRTEXT_L>Renter ID</SCRTEXT_L>
    <DTELMASTER>E</DTELMASTER>
    <REFKIND>D</REFKIND>
   </DD04V>
   <I18N_LANGS>
    <LANGU>R</LANGU>
   </I18N_LANGS>
   <DD04_TEXTS>
    <item>
     <DDLANGUAGE>R</DDLANGUAGE>
     <DDTEXT>Идентификатор арендатора</DDTEXT>
     <REPTEXT>Идентификатор арендатора</REPTEXT>
     <SCRTEXT_S>ID арен-ра</SCRTEXT_S>
     <SCRTEXT_M>Идент-тор арендатора</SCRTEXT_M>
     <SCRTEXT_L>Идентификатор арендатора</SCRTEXT_L>
    </item>
   </DD04_TEXTS>
  </asx:values>
 </asx:abap>
</abapGit>
