﻿<?xml version="1.0" encoding="utf-8"?>
<abapGit version="v1.0.0" serializer="LCL_OBJECT_VIEW" serializer_version="v1.0.0">
 <asx:abap xmlns:asx="http://www.sap.com/abapxml" version="1.0">
  <asx:values>
   <DD25V>
    <VIEWNAME>ZSHCH_V_STYPE</VIEWNAME>
    <AS4LOCAL>A</AS4LOCAL>
    <DDLANGUAGE>E</DDLANGUAGE>
    <AGGTYPE>V</AGGTYPE>
    <ROOTTAB>ZSHCH_D_STYPE</ROOTTAB>
    <DDTEXT>Parking space type description</DDTEXT>
    <VIEWCLASS>C</VIEWCLASS>
    <CUSTOMAUTH>A</CUSTOMAUTH>
    <VIEWGRANT>U</VIEWGRANT>
    <GLOBALFLAG>X</GLOBALFLAG>
   </DD25V>
   <DD26V_TABLE>
    <DD26V>
     <VIEWNAME>ZSHCH_V_STYPE</VIEWNAME>
     <TABNAME>ZSHCH_D_STYPE</TABNAME>
     <TABPOS>0001</TABPOS>
     <FORTABNAME>ZSHCH_D_STYPE</FORTABNAME>
    </DD26V>
   </DD26V_TABLE>
   <DD27P_TABLE>
    <DD27P>
     <VIEWFIELD>MANDT</VIEWFIELD>
     <TABNAME>ZSHCH_D_STYPE</TABNAME>
     <FIELDNAME>MANDT</FIELDNAME>
     <KEYFLAG>X</KEYFLAG>
    </DD27P>
    <DD27P>
     <VIEWFIELD>SPACE_TYPE_ID</VIEWFIELD>
     <TABNAME>ZSHCH_D_STYPE</TABNAME>
     <FIELDNAME>SPACE_TYPE_ID</FIELDNAME>
     <KEYFLAG>X</KEYFLAG>
    </DD27P>
    <DD27P>
     <VIEWFIELD>PARKING_TYPE_ID</VIEWFIELD>
     <TABNAME>ZSHCH_D_STYPE</TABNAME>
     <FIELDNAME>PARKING_TYPE_ID</FIELDNAME>
     <CHECKTABLE>ZSHCH_D_PTYPE</CHECKTABLE>
     <SHLPORIGIN>P</SHLPORIGIN>
    </DD27P>
    <DD27P>
     <VIEWFIELD>SPACE_SIZE</VIEWFIELD>
     <TABNAME>ZSHCH_D_STYPE</TABNAME>
     <FIELDNAME>SPACE_SIZE</FIELDNAME>
    </DD27P>
    <DD27P>
     <VIEWFIELD>RENTAL_DAY</VIEWFIELD>
     <TABNAME>ZSHCH_D_STYPE</TABNAME>
     <FIELDNAME>RENTAL_DAY</FIELDNAME>
     <RDONLY>R</RDONLY>
     <REFTABLE>TCURC</REFTABLE>
     <REFFIELD>WAERS</REFFIELD>
    </DD27P>
    <DD27P>
     <VIEWFIELD>ADMINISTRATION_FEE</VIEWFIELD>
     <TABNAME>ZSHCH_D_STYPE</TABNAME>
     <FIELDNAME>ADMINISTRATION_FEE</FIELDNAME>
     <RDONLY>R</RDONLY>
     <REFTABLE>TCURC</REFTABLE>
     <REFFIELD>WAERS</REFFIELD>
    </DD27P>
    <DD27P>
     <VIEWFIELD>CURRENT_SPACE_PRICE</VIEWFIELD>
     <TABNAME>ZSHCH_D_STYPE</TABNAME>
     <FIELDNAME>CURRENT_SPACE_PRICE</FIELDNAME>
     <RDONLY>R</RDONLY>
     <REFTABLE>TCURC</REFTABLE>
     <REFFIELD>WAERS</REFFIELD>
    </DD27P>
   </DD27P_TABLE>
  </asx:values>
 </asx:abap>
</abapGit>
