﻿<?xml version="1.0" encoding="utf-8"?>
<abapGit version="v1.0.0" serializer="LCL_OBJECT_VCLS" serializer_version="v1.0.0">
 <asx:abap xmlns:asx="http://www.sap.com/abapxml" version="1.0">
  <asx:values>
   <VCLDIR>
    <VCLNAME>ZSHCH_VC_RENTER</VCLNAME>
    <TEXT>Renterts with contacts</TEXT>
   </VCLDIR>
   <VLCSTRUC_TAB>
    <V_VCLSTRUC>
     <VCLNAME>ZSHCH_VC_RENTER</VCLNAME>
     <OBJECT>ZSHCH_V_RENTER</OBJECT>
     <OBJECTTEXT>Basic renters info</OBJECTTEXT>
     <PREDOBJECT>ZSHCH_V_RENTER</PREDOBJECT>
     <DEPENDENCY>R</DEPENDENCY>
     <OBJPOS>01</OBJPOS>
     <OBJLEVEL>01</OBJLEVEL>
     <STARTOBJ>X</STARTOBJ>
    </V_VCLSTRUC>
    <V_VCLSTRUC>
     <VCLNAME>ZSHCH_VC_RENTER</VCLNAME>
     <OBJECT>ZSHCH_V_CONTACT</OBJECT>
     <OBJECTTEXT>Contacts</OBJECTTEXT>
     <PREDOBJECT>ZSHCH_V_RENTER</PREDOBJECT>
     <DEPENDENCY>S</DEPENDENCY>
     <OBJPOS>02</OBJPOS>
     <OBJLEVEL>02</OBJLEVEL>
    </V_VCLSTRUC>
   </VLCSTRUC_TAB>
   <VCLSTRUDEP_TAB>
    <V_VCLSTDEP>
     <VCLNAME>ZSHCH_VC_RENTER</VCLNAME>
     <OBJECT>ZSHCH_V_CONTACT</OBJECT>
     <OBJFIELD>CONTACT_ID</OBJFIELD>
     <PREDOBJECT>ZSHCH_V_RENTER</PREDOBJECT>
     <PREDFIELD>CONTACT_ID</PREDFIELD>
    </V_VCLSTDEP>
    <V_VCLSTDEP>
     <VCLNAME>ZSHCH_VC_RENTER</VCLNAME>
     <OBJECT>ZSHCH_V_RENTER</OBJECT>
     <PREDOBJECT>ZSHCH_V_RENTER</PREDOBJECT>
    </V_VCLSTDEP>
    <V_VCLSTDEP>
     <VCLNAME>ZSHCH_VC_RENTER</VCLNAME>
     <OBJECT>ZSHCH_V_RENTER</OBJECT>
     <OBJFIELD>CONTACT_ID</OBJFIELD>
     <PREDOBJECT>ZSHCH_V_CONTACT</PREDOBJECT>
     <PREDFIELD>CONTACT_ID</PREDFIELD>
     <NOKEYFIELD>C</NOKEYFIELD>
    </V_VCLSTDEP>
   </VCLSTRUDEP_TAB>
  </asx:values>
 </asx:abap>
</abapGit>
