﻿<?xml version="1.0" encoding="utf-8"?>
<abapGit version="v1.0.0" serializer="LCL_OBJECT_DTEL" serializer_version="v1.0.0">
 <asx:abap xmlns:asx="http://www.sap.com/abapxml" version="1.0">
  <asx:values>
   <DD04V>
    <ROLLNAME>ZSHCH_SPACE_TYPE_ID</ROLLNAME>
    <DDLANGUAGE>E</DDLANGUAGE>
    <DOMNAME>ZSHCH_SMALL_ID</DOMNAME>
    <HEADLEN>55</HEADLEN>
    <SCRLEN1>10</SCRLEN1>
    <SCRLEN2>20</SCRLEN2>
    <SCRLEN3>40</SCRLEN3>
    <DDTEXT>Space type ID</DDTEXT>
    <REPTEXT>Space type ID</REPTEXT>
    <SCRTEXT_S>S. type ID</SCRTEXT_S>
    <SCRTEXT_M>Space type ID</SCRTEXT_M>
    <SCRTEXT_L>Space type ID</SCRTEXT_L>
    <DTELMASTER>E</DTELMASTER>
    <REFKIND>D</REFKIND>
   </DD04V>
   <I18N_LANGS>
    <LANGU>R</LANGU>
   </I18N_LANGS>
   <DD04_TEXTS>
    <item>
     <DDLANGUAGE>R</DDLANGUAGE>
     <DDTEXT>Идентификатор типа парковочного места</DDTEXT>
     <REPTEXT>Идентификатор типа парковочного места</REPTEXT>
     <SCRTEXT_S>ID типа</SCRTEXT_S>
     <SCRTEXT_M>ID типа паркоместа</SCRTEXT_M>
     <SCRTEXT_L>Идентификатор типа парковочного места</SCRTEXT_L>
    </item>
   </DD04_TEXTS>
  </asx:values>
 </asx:abap>
</abapGit>
