﻿<?xml version="1.0" encoding="utf-8"?>
<abapGit version="v1.0.0" serializer="LCL_OBJECT_DTEL" serializer_version="v1.0.0">
 <asx:abap xmlns:asx="http://www.sap.com/abapxml" version="1.0">
  <asx:values>
   <DD04V>
    <ROLLNAME>ZSHCH_BICYCLE_AVAILABILITY</ROLLNAME>
    <DDLANGUAGE>E</DDLANGUAGE>
    <DOMNAME>ZSHCH_BICYCLE_AVAILABILITY</DOMNAME>
    <HEADLEN>55</HEADLEN>
    <SCRLEN1>10</SCRLEN1>
    <SCRLEN2>20</SCRLEN2>
    <SCRLEN3>40</SCRLEN3>
    <DDTEXT>Bicycle parking availability</DDTEXT>
    <REPTEXT>Bicycle parking availability</REPTEXT>
    <SCRTEXT_S>Bicycle</SCRTEXT_S>
    <SCRTEXT_M>Bicycle parking</SCRTEXT_M>
    <SCRTEXT_L>Bicycle parking availability</SCRTEXT_L>
    <DTELMASTER>E</DTELMASTER>
    <REFKIND>D</REFKIND>
   </DD04V>
   <I18N_LANGS>
    <LANGU>R</LANGU>
   </I18N_LANGS>
   <DD04_TEXTS>
    <item>
     <DDLANGUAGE>R</DDLANGUAGE>
     <DDTEXT>Возможность парковки велосипеда</DDTEXT>
     <REPTEXT>Возможность парковки велосипеда</REPTEXT>
     <SCRTEXT_S>Велопарк</SCRTEXT_S>
     <SCRTEXT_M>Парковка велосипеда</SCRTEXT_M>
     <SCRTEXT_L>Возможность парковки велосипеда</SCRTEXT_L>
    </item>
   </DD04_TEXTS>
  </asx:values>
 </asx:abap>
</abapGit>
