﻿<?xml version="1.0" encoding="utf-8"?>
<abapGit version="v1.0.0" serializer="LCL_OBJECT_VIEW" serializer_version="v1.0.0">
 <asx:abap xmlns:asx="http://www.sap.com/abapxml" version="1.0">
  <asx:values>
   <DD25V>
    <VIEWNAME>ZSHCH_V_PTYPE</VIEWNAME>
    <AS4LOCAL>A</AS4LOCAL>
    <DDLANGUAGE>E</DDLANGUAGE>
    <AGGTYPE>V</AGGTYPE>
    <ROOTTAB>ZSHCH_D_PTYPE</ROOTTAB>
    <DDTEXT>Parking type description</DDTEXT>
    <VIEWCLASS>C</VIEWCLASS>
    <CUSTOMAUTH>A</CUSTOMAUTH>
    <VIEWGRANT>U</VIEWGRANT>
    <GLOBALFLAG>X</GLOBALFLAG>
   </DD25V>
   <DD26V_TABLE>
    <DD26V>
     <VIEWNAME>ZSHCH_V_PTYPE</VIEWNAME>
     <TABNAME>ZSHCH_D_PTYPE</TABNAME>
     <TABPOS>0001</TABPOS>
     <FORTABNAME>ZSHCH_D_PTYPE</FORTABNAME>
    </DD26V>
   </DD26V_TABLE>
   <DD27P_TABLE>
    <DD27P>
     <VIEWFIELD>MANDT</VIEWFIELD>
     <TABNAME>ZSHCH_D_PTYPE</TABNAME>
     <FIELDNAME>MANDT</FIELDNAME>
     <KEYFLAG>X</KEYFLAG>
    </DD27P>
    <DD27P>
     <VIEWFIELD>PARKING_TYPE_ID</VIEWFIELD>
     <TABNAME>ZSHCH_D_PTYPE</TABNAME>
     <FIELDNAME>PARKING_TYPE_ID</FIELDNAME>
     <KEYFLAG>X</KEYFLAG>
    </DD27P>
    <DD27P>
     <VIEWFIELD>PARKING_NAME</VIEWFIELD>
     <TABNAME>ZSHCH_D_PTYPE</TABNAME>
     <FIELDNAME>PARKING_NAME</FIELDNAME>
     <SHLPORIGIN>F</SHLPORIGIN>
     <VALEXI>X</VALEXI>
    </DD27P>
    <DD27P>
     <VIEWFIELD>ADDRESS</VIEWFIELD>
     <TABNAME>ZSHCH_D_PTYPE</TABNAME>
     <FIELDNAME>ADDRESS</FIELDNAME>
    </DD27P>
    <DD27P>
     <VIEWFIELD>BICYCLE_AVAILABILITY</VIEWFIELD>
     <TABNAME>ZSHCH_D_PTYPE</TABNAME>
     <FIELDNAME>BICYCLE_AVAILABILITY</FIELDNAME>
     <SHLPORIGIN>F</SHLPORIGIN>
     <VALEXI>X</VALEXI>
    </DD27P>
   </DD27P_TABLE>
  </asx:values>
 </asx:abap>
</abapGit>
