﻿<?xml version="1.0" encoding="utf-8"?>
<abapGit version="v1.0.0" serializer="LCL_OBJECT_SHLP" serializer_version="v1.0.0">
 <asx:abap xmlns:asx="http://www.sap.com/abapxml" version="1.0">
  <asx:values>
   <DD30V>
    <SHLPNAME>ZSHCH_H_SP_EMP</SHLPNAME>
    <DDLANGUAGE>E</DDLANGUAGE>
    <DDTEXT>Parking spaces available for rent</DDTEXT>
    <ISSIMPLE>X</ISSIMPLE>
    <SELMETHOD>ZSHCH_V_SP_EMP</SELMETHOD>
    <SELMTYPE>V</SELMTYPE>
    <DIALOGTYPE>D</DIALOGTYPE>
    <FUZZY_SIMILARITY>0.8</FUZZY_SIMILARITY>
   </DD30V>
   <DD32P_TABLE>
    <DD32P>
     <SHLPNAME>ZSHCH_H_SP_EMP</SHLPNAME>
     <FIELDNAME>SPACE_ID</FIELDNAME>
     <FLPOSITION>0001</FLPOSITION>
     <ROLLNAME>ZSHCH_SPACE_ID</ROLLNAME>
     <SHLPINPUT>X</SHLPINPUT>
     <SHLPOUTPUT>X</SHLPOUTPUT>
     <SHLPSELPOS>01</SHLPSELPOS>
     <SHLPLISPOS>01</SHLPLISPOS>
     <SCRLEN3>40</SCRLEN3>
    </DD32P>
    <DD32P>
     <SHLPNAME>ZSHCH_H_SP_EMP</SHLPNAME>
     <FIELDNAME>PARKING_NAME</FIELDNAME>
     <FLPOSITION>0002</FLPOSITION>
     <ROLLNAME>ZSHCH_PARKING_NAME</ROLLNAME>
     <SHLPOUTPUT>X</SHLPOUTPUT>
     <SHLPSELPOS>02</SHLPSELPOS>
     <SHLPLISPOS>02</SHLPLISPOS>
     <SCRLEN3>40</SCRLEN3>
    </DD32P>
    <DD32P>
     <SHLPNAME>ZSHCH_H_SP_EMP</SHLPNAME>
     <FIELDNAME>ADDRESS</FIELDNAME>
     <FLPOSITION>0003</FLPOSITION>
     <ROLLNAME>ZSHCH_ADDRESS</ROLLNAME>
     <SHLPOUTPUT>X</SHLPOUTPUT>
     <SHLPSELPOS>03</SHLPSELPOS>
     <SHLPLISPOS>03</SHLPLISPOS>
     <SCRLEN3>40</SCRLEN3>
    </DD32P>
    <DD32P>
     <SHLPNAME>ZSHCH_H_SP_EMP</SHLPNAME>
     <FIELDNAME>SPACE_SIZE</FIELDNAME>
     <FLPOSITION>0004</FLPOSITION>
     <ROLLNAME>ZSHCH_SPACE_SIZE</ROLLNAME>
     <SHLPOUTPUT>X</SHLPOUTPUT>
     <SHLPSELPOS>04</SHLPSELPOS>
     <SHLPLISPOS>04</SHLPLISPOS>
     <SCRLEN3>40</SCRLEN3>
    </DD32P>
    <DD32P>
     <SHLPNAME>ZSHCH_H_SP_EMP</SHLPNAME>
     <FIELDNAME>BICYCLE_AVAILABILITY</FIELDNAME>
     <FLPOSITION>0005</FLPOSITION>
     <ROLLNAME>ZSHCH_BICYCLE_AVAILABILITY</ROLLNAME>
     <SHLPOUTPUT>X</SHLPOUTPUT>
     <SHLPSELPOS>05</SHLPSELPOS>
     <SHLPLISPOS>05</SHLPLISPOS>
     <SCRLEN3>40</SCRLEN3>
    </DD32P>
    <DD32P>
     <SHLPNAME>ZSHCH_H_SP_EMP</SHLPNAME>
     <FIELDNAME>RENTAL_DAY</FIELDNAME>
     <FLPOSITION>0006</FLPOSITION>
     <ROLLNAME>ZSHCH_RENTAL_DAY</ROLLNAME>
     <SHLPOUTPUT>X</SHLPOUTPUT>
     <SHLPSELPOS>06</SHLPSELPOS>
     <SHLPLISPOS>06</SHLPLISPOS>
     <SCRLEN3>40</SCRLEN3>
    </DD32P>
   </DD32P_TABLE>
  </asx:values>
 </asx:abap>
</abapGit>
