﻿<?xml version="1.0" encoding="utf-8"?>
<abapGit version="v1.0.0" serializer="LCL_OBJECT_DTEL" serializer_version="v1.0.0">
 <asx:abap xmlns:asx="http://www.sap.com/abapxml" version="1.0">
  <asx:values>
   <DD04V>
    <ROLLNAME>ZSHCH_RENTAL_FINAL</ROLLNAME>
    <DDLANGUAGE>E</DDLANGUAGE>
    <DOMNAME>ZSHCH_RENTAL</DOMNAME>
    <HEADLEN>55</HEADLEN>
    <SCRLEN1>10</SCRLEN1>
    <SCRLEN2>20</SCRLEN2>
    <SCRLEN3>40</SCRLEN3>
    <DDTEXT>Final rental after applying the discount</DDTEXT>
    <REPTEXT>Final rental after applying the discount</REPTEXT>
    <SCRTEXT_S>Final rent</SCRTEXT_S>
    <SCRTEXT_M>Final rental</SCRTEXT_M>
    <SCRTEXT_L>Final rental after applying the discount</SCRTEXT_L>
    <DTELMASTER>E</DTELMASTER>
    <REFKIND>D</REFKIND>
   </DD04V>
   <I18N_LANGS>
    <LANGU>R</LANGU>
   </I18N_LANGS>
   <DD04_TEXTS>
    <item>
     <DDLANGUAGE>R</DDLANGUAGE>
     <DDTEXT>Окончательная арендная плата с учетом скидки</DDTEXT>
     <REPTEXT>Окончательная арендная плата с учетом скидки</REPTEXT>
     <SCRTEXT_S>Фин аренда</SCRTEXT_S>
     <SCRTEXT_M>Окончательная аренда</SCRTEXT_M>
     <SCRTEXT_L>Окончательная арендная плата со скидкой</SCRTEXT_L>
    </item>
   </DD04_TEXTS>
  </asx:values>
 </asx:abap>
</abapGit>
