﻿<?xml version="1.0" encoding="utf-8"?>
<abapGit version="v1.0.0" serializer="LCL_OBJECT_DTEL" serializer_version="v1.0.0">
 <asx:abap xmlns:asx="http://www.sap.com/abapxml" version="1.0">
  <asx:values>
   <DD04V>
    <ROLLNAME>ZSHCH_USED_QUANT</ROLLNAME>
    <DDLANGUAGE>E</DDLANGUAGE>
    <HEADLEN>55</HEADLEN>
    <SCRLEN1>10</SCRLEN1>
    <SCRLEN2>20</SCRLEN2>
    <SCRLEN3>40</SCRLEN3>
    <DDTEXT>Using amount</DDTEXT>
    <REPTEXT>Using amount</REPTEXT>
    <SCRTEXT_S>Usings</SCRTEXT_S>
    <SCRTEXT_M>Using amount</SCRTEXT_M>
    <SCRTEXT_L>Using amount</SCRTEXT_L>
    <DTELMASTER>E</DTELMASTER>
    <DATATYPE>QUAN</DATATYPE>
    <LENG>000004</LENG>
    <OUTPUTLEN>000005</OUTPUTLEN>
   </DD04V>
   <I18N_LANGS>
    <LANGU>R</LANGU>
   </I18N_LANGS>
   <DD04_TEXTS>
    <item>
     <DDLANGUAGE>R</DDLANGUAGE>
     <DDTEXT>Количество использований</DDTEXT>
     <REPTEXT>Количество использований</REPTEXT>
     <SCRTEXT_S>Исполь-ний</SCRTEXT_S>
     <SCRTEXT_M>Использований</SCRTEXT_M>
     <SCRTEXT_L>Количество использований</SCRTEXT_L>
    </item>
   </DD04_TEXTS>
  </asx:values>
 </asx:abap>
</abapGit>
