﻿<?xml version="1.0" encoding="utf-8"?>
<abapGit version="v1.0.0">
 <asx:abap xmlns:asx="http://www.sap.com/abapxml" version="1.0">
  <asx:values>
   <PROGDIR>
    <NAME>SAPLZSHCH_PARKING</NAME>
    <SQLX>X</SQLX>
    <DBAPL>S</DBAPL>
    <DBNA>D$</DBNA>
    <SUBC>F</SUBC>
    <APPL>S</APPL>
    <RLOAD>E</RLOAD>
    <FIXPT>X</FIXPT>
    <LDBNAME>D$S</LDBNAME>
    <UCCHECK>X</UCCHECK>
   </PROGDIR>
   <TPOOL>
    <item>
     <ID>I</ID>
     <KEY>E01</KEY>
     <ENTRY>cannot be deleted, because he owns some parking space!</ENTRY>
     <LENGTH>130</LENGTH>
    </item>
    <item>
     <ID>I</ID>
     <KEY>I01</KEY>
     <ENTRY>Owner</ENTRY>
     <LENGTH>15</LENGTH>
    </item>
    <item>
     <ID>I</ID>
     <KEY>I02</KEY>
     <ENTRY>was successfully deleted</ENTRY>
     <LENGTH>50</LENGTH>
    </item>
    <item>
     <ID>I</ID>
     <KEY>I03</KEY>
     <ENTRY>Please fill required field</ENTRY>
     <LENGTH>52</LENGTH>
    </item>
    <item>
     <ID>I</ID>
     <KEY>W01</KEY>
     <ENTRY>Some issues with deleting owner.</ENTRY>
     <LENGTH>64</LENGTH>
    </item>
   </TPOOL>
  </asx:values>
 </asx:abap>
</abapGit>
