﻿<?xml version="1.0" encoding="utf-8"?>
<abapGit version="v1.0.0" serializer="LCL_OBJECT_DTEL" serializer_version="v1.0.0">
 <asx:abap xmlns:asx="http://www.sap.com/abapxml" version="1.0">
  <asx:values>
   <DD04V>
    <ROLLNAME>ZSHCH_RENT_NUMBER</ROLLNAME>
    <DDLANGUAGE>E</DDLANGUAGE>
    <HEADLEN>55</HEADLEN>
    <SCRLEN1>10</SCRLEN1>
    <SCRLEN2>20</SCRLEN2>
    <SCRLEN3>40</SCRLEN3>
    <DDTEXT>Number of times the servis was used</DDTEXT>
    <REPTEXT>Number of times the servis was used</REPTEXT>
    <SCRTEXT_S>Uses</SCRTEXT_S>
    <SCRTEXT_M>Number of uses</SCRTEXT_M>
    <SCRTEXT_L>Number of times the servis was used</SCRTEXT_L>
    <DTELMASTER>E</DTELMASTER>
    <DATATYPE>INT1</DATATYPE>
    <LENG>000003</LENG>
    <OUTPUTLEN>000003</OUTPUTLEN>
   </DD04V>
   <I18N_LANGS>
    <LANGU>R</LANGU>
   </I18N_LANGS>
   <DD04_TEXTS>
    <item>
     <DDLANGUAGE>R</DDLANGUAGE>
     <DDTEXT>Количество пользований сервисом</DDTEXT>
     <REPTEXT>Количество пользований сервисом</REPTEXT>
     <SCRTEXT_S>Поль-ний</SCRTEXT_S>
     <SCRTEXT_M>Число пользований</SCRTEXT_M>
     <SCRTEXT_L>Количество пользований сервисом</SCRTEXT_L>
    </item>
   </DD04_TEXTS>
  </asx:values>
 </asx:abap>
</abapGit>
