﻿<?xml version="1.0" encoding="utf-8"?>
<abapGit version="v1.0.0" serializer="LCL_OBJECT_DTEL" serializer_version="v1.0.0">
 <asx:abap xmlns:asx="http://www.sap.com/abapxml" version="1.0">
  <asx:values>
   <DD04V>
    <ROLLNAME>ZSHCH_SPACE_ID</ROLLNAME>
    <DDLANGUAGE>E</DDLANGUAGE>
    <DOMNAME>ZSHCH_TYPICAL_ID</DOMNAME>
    <HEADLEN>55</HEADLEN>
    <SCRLEN1>10</SCRLEN1>
    <SCRLEN2>20</SCRLEN2>
    <SCRLEN3>40</SCRLEN3>
    <DDTEXT>Parking space ID (number)</DDTEXT>
    <REPTEXT>Parking space ID (number)</REPTEXT>
    <SCRTEXT_S>Space ID</SCRTEXT_S>
    <SCRTEXT_M>Parking space ID (#)</SCRTEXT_M>
    <SCRTEXT_L>Parking space ID (number)</SCRTEXT_L>
    <DTELMASTER>E</DTELMASTER>
    <REFKIND>D</REFKIND>
   </DD04V>
   <I18N_LANGS>
    <LANGU>R</LANGU>
   </I18N_LANGS>
   <DD04_TEXTS>
    <item>
     <DDLANGUAGE>R</DDLANGUAGE>
     <DDTEXT>Номер парковочного места</DDTEXT>
     <REPTEXT>Номер парковочного места</REPTEXT>
     <SCRTEXT_S>№ места</SCRTEXT_S>
     <SCRTEXT_M>Номер места</SCRTEXT_M>
     <SCRTEXT_L>Номер парковочного места</SCRTEXT_L>
    </item>
   </DD04_TEXTS>
  </asx:values>
 </asx:abap>
</abapGit>
