﻿<?xml version="1.0" encoding="utf-8"?>
<abapGit version="v1.0.0" serializer="LCL_OBJECT_DTEL" serializer_version="v1.0.0">
 <asx:abap xmlns:asx="http://www.sap.com/abapxml" version="1.0">
  <asx:values>
   <DD04V>
    <ROLLNAME>ZSHCH_ADMINISTRATION_FEE</ROLLNAME>
    <DDLANGUAGE>E</DDLANGUAGE>
    <DOMNAME>ZSHCH_ADMINISTRATION_FEE</DOMNAME>
    <HEADLEN>55</HEADLEN>
    <SCRLEN1>10</SCRLEN1>
    <SCRLEN2>20</SCRLEN2>
    <SCRLEN3>40</SCRLEN3>
    <DDTEXT>Administration fee per month</DDTEXT>
    <REPTEXT>Administration fee per month</REPTEXT>
    <SCRTEXT_S>Adm fee</SCRTEXT_S>
    <SCRTEXT_M>Administration fee</SCRTEXT_M>
    <SCRTEXT_L>Administration fee per month</SCRTEXT_L>
    <DTELMASTER>E</DTELMASTER>
    <REFKIND>D</REFKIND>
   </DD04V>
   <I18N_LANGS>
    <LANGU>R</LANGU>
   </I18N_LANGS>
   <DD04_TEXTS>
    <item>
     <DDLANGUAGE>R</DDLANGUAGE>
     <DDTEXT>Административные платежи в месяц</DDTEXT>
     <REPTEXT>Административные платежи в месяц</REPTEXT>
     <SCRTEXT_S>Платежи</SCRTEXT_S>
     <SCRTEXT_M>Администр. платежи</SCRTEXT_M>
     <SCRTEXT_L>Административные платежи в месяц</SCRTEXT_L>
    </item>
   </DD04_TEXTS>
  </asx:values>
 </asx:abap>
</abapGit>
