﻿<?xml version="1.0" encoding="utf-8"?>
<abapGit version="v1.0.0" serializer="LCL_OBJECT_DTEL" serializer_version="v1.0.0">
 <asx:abap xmlns:asx="http://www.sap.com/abapxml" version="1.0">
  <asx:values>
   <DD04V>
    <ROLLNAME>ZSHCH_ADDRESS</ROLLNAME>
    <DDLANGUAGE>E</DDLANGUAGE>
    <DOMNAME>ZSHCH_ADDRESS</DOMNAME>
    <HEADLEN>55</HEADLEN>
    <SCRLEN1>10</SCRLEN1>
    <SCRLEN2>20</SCRLEN2>
    <SCRLEN3>40</SCRLEN3>
    <DDTEXT>Address (City,zip code, street building number/ apartment)</DDTEXT>
    <REPTEXT>Address (City,zip code, street building number/apart-t)</REPTEXT>
    <SCRTEXT_S>Address</SCRTEXT_S>
    <SCRTEXT_M>Address</SCRTEXT_M>
    <SCRTEXT_L>Address</SCRTEXT_L>
    <DTELMASTER>E</DTELMASTER>
    <REFKIND>D</REFKIND>
   </DD04V>
   <I18N_LANGS>
    <LANGU>R</LANGU>
   </I18N_LANGS>
   <DD04_TEXTS>
    <item>
     <DDLANGUAGE>R</DDLANGUAGE>
     <DDTEXT>Адрес (Город, почтовый индекс, улица № дома/квартиры)</DDTEXT>
     <REPTEXT>Адрес (Город, почтовый индекс, улица № дома/квартиры)</REPTEXT>
     <SCRTEXT_S>Адрес</SCRTEXT_S>
     <SCRTEXT_M>Адрес</SCRTEXT_M>
     <SCRTEXT_L>Адрес</SCRTEXT_L>
    </item>
   </DD04_TEXTS>
  </asx:values>
 </asx:abap>
</abapGit>
