﻿<?xml version="1.0" encoding="utf-8"?>
<abapGit version="v1.0.0" serializer="LCL_OBJECT_VIEW" serializer_version="v1.0.0">
 <asx:abap xmlns:asx="http://www.sap.com/abapxml" version="1.0">
  <asx:values>
   <DD25V>
    <VIEWNAME>ZSHCH_V_OWNER</VIEWNAME>
    <AS4LOCAL>A</AS4LOCAL>
    <DDLANGUAGE>E</DDLANGUAGE>
    <AGGTYPE>V</AGGTYPE>
    <ROOTTAB>ZSHCH_D_OWNER</ROOTTAB>
    <DDTEXT>Owners basic info</DDTEXT>
    <VIEWCLASS>C</VIEWCLASS>
    <CUSTOMAUTH>A</CUSTOMAUTH>
    <VIEWGRANT>U</VIEWGRANT>
    <GLOBALFLAG>X</GLOBALFLAG>
   </DD25V>
   <DD26V_TABLE>
    <DD26V>
     <VIEWNAME>ZSHCH_V_OWNER</VIEWNAME>
     <TABNAME>ZSHCH_D_OWNER</TABNAME>
     <TABPOS>0001</TABPOS>
     <FORTABNAME>ZSHCH_D_OWNER</FORTABNAME>
    </DD26V>
    <DD26V>
     <VIEWNAME>ZSHCH_V_OWNER</VIEWNAME>
     <TABNAME>ZSHCH_D_OWNER_T</TABNAME>
     <TABPOS>0002</TABPOS>
     <FORTABNAME>ZSHCH_D_OWNER</FORTABNAME>
     <FORFIELD>OWNER_ID</FORFIELD>
     <FORDIR>I</FORDIR>
    </DD26V>
   </DD26V_TABLE>
   <DD27P_TABLE>
    <DD27P>
     <VIEWFIELD>MANDT</VIEWFIELD>
     <TABNAME>ZSHCH_D_OWNER</TABNAME>
     <FIELDNAME>MANDT</FIELDNAME>
     <KEYFLAG>X</KEYFLAG>
    </DD27P>
    <DD27P>
     <VIEWFIELD>OWNER_ID</VIEWFIELD>
     <TABNAME>ZSHCH_D_OWNER</TABNAME>
     <FIELDNAME>OWNER_ID</FIELDNAME>
     <KEYFLAG>X</KEYFLAG>
    </DD27P>
    <DD27P>
     <VIEWFIELD>CONTACT_ID</VIEWFIELD>
     <TABNAME>ZSHCH_D_OWNER</TABNAME>
     <FIELDNAME>CONTACT_ID</FIELDNAME>
     <RDONLY>R</RDONLY>
     <CHECKTABLE>ZSHCH_D_CONTACT</CHECKTABLE>
     <SHLPORIGIN>P</SHLPORIGIN>
    </DD27P>
    <DD27P>
     <VIEWFIELD>BIRTH_DATE</VIEWFIELD>
     <TABNAME>ZSHCH_D_OWNER</TABNAME>
     <FIELDNAME>BIRTH_DATE</FIELDNAME>
     <SHLPORIGIN>T</SHLPORIGIN>
    </DD27P>
    <DD27P>
     <VIEWFIELD>FIRST_NAME</VIEWFIELD>
     <TABNAME>ZSHCH_D_OWNER_T</TABNAME>
     <FIELDNAME>FIRST_NAME</FIELDNAME>
    </DD27P>
    <DD27P>
     <VIEWFIELD>LAST_NAME</VIEWFIELD>
     <TABNAME>ZSHCH_D_OWNER_T</TABNAME>
     <FIELDNAME>LAST_NAME</FIELDNAME>
    </DD27P>
   </DD27P_TABLE>
   <DD28J_TABLE>
    <DD28J>
     <VIEWNAME>ZSHCH_V_OWNER</VIEWNAME>
     <LTAB>ZSHCH_D_OWNER</LTAB>
     <LFIELD>MANDT</LFIELD>
     <OPERATOR>EQ</OPERATOR>
     <RTAB>ZSHCH_D_OWNER_T</RTAB>
     <RFIELD>MANDT</RFIELD>
     <SOURCE>F</SOURCE>
     <FRKTAB>ZSHCH_D_OWNER_T</FRKTAB>
     <FRKFIELD>OWNER_ID</FRKFIELD>
     <FRKDIR>I</FRKDIR>
    </DD28J>
    <DD28J>
     <VIEWNAME>ZSHCH_V_OWNER</VIEWNAME>
     <LTAB>ZSHCH_D_OWNER</LTAB>
     <LFIELD>OWNER_ID</LFIELD>
     <OPERATOR>EQ</OPERATOR>
     <RTAB>ZSHCH_D_OWNER_T</RTAB>
     <RFIELD>OWNER_ID</RFIELD>
     <SOURCE>F</SOURCE>
     <FRKTAB>ZSHCH_D_OWNER_T</FRKTAB>
     <FRKFIELD>OWNER_ID</FRKFIELD>
     <FRKDIR>I</FRKDIR>
    </DD28J>
   </DD28J_TABLE>
  </asx:values>
 </asx:abap>
</abapGit>
