﻿<?xml version="1.0" encoding="utf-8"?>
<abapGit version="v1.0.0" serializer="LCL_OBJECT_DTEL" serializer_version="v1.0.0">
 <asx:abap xmlns:asx="http://www.sap.com/abapxml" version="1.0">
  <asx:values>
   <DD04V>
    <ROLLNAME>ZSHCH_RENTAL_DISCOUNT</ROLLNAME>
    <DDLANGUAGE>E</DDLANGUAGE>
    <DOMNAME>ZSHCH_RENTAL</DOMNAME>
    <HEADLEN>55</HEADLEN>
    <SCRLEN1>10</SCRLEN1>
    <SCRLEN2>20</SCRLEN2>
    <SCRLEN3>40</SCRLEN3>
    <DDTEXT>Discount amount from summary rental</DDTEXT>
    <REPTEXT>Discount amount from summary rental</REPTEXT>
    <SCRTEXT_S>Discount</SCRTEXT_S>
    <SCRTEXT_M>Discount amount</SCRTEXT_M>
    <SCRTEXT_L>Discount amount from summary rental</SCRTEXT_L>
    <DTELMASTER>E</DTELMASTER>
    <REFKIND>D</REFKIND>
   </DD04V>
   <I18N_LANGS>
    <LANGU>R</LANGU>
   </I18N_LANGS>
   <DD04_TEXTS>
    <item>
     <DDLANGUAGE>R</DDLANGUAGE>
     <DDTEXT>Величина скидки от суммарной арендной платы</DDTEXT>
     <REPTEXT>Величина скидки от суммарной арендной платы</REPTEXT>
     <SCRTEXT_S>Скидка</SCRTEXT_S>
     <SCRTEXT_M>Величина скидки</SCRTEXT_M>
     <SCRTEXT_L>Величина скидки от суммарной аренды</SCRTEXT_L>
    </item>
   </DD04_TEXTS>
  </asx:values>
 </asx:abap>
</abapGit>
