﻿<?xml version="1.0" encoding="utf-8"?>
<abapGit version="v1.0.0" serializer="LCL_OBJECT_VIEW" serializer_version="v1.0.0">
 <asx:abap xmlns:asx="http://www.sap.com/abapxml" version="1.0">
  <asx:values>
   <DD25V>
    <VIEWNAME>ZSHCH_V_SP_EMP</VIEWNAME>
    <AS4LOCAL>A</AS4LOCAL>
    <DDLANGUAGE>E</DDLANGUAGE>
    <AGGTYPE>V</AGGTYPE>
    <ROOTTAB>ZSHCH_D_PSPACE</ROOTTAB>
    <DDTEXT>Аvailable for rent parking spaces</DDTEXT>
    <VIEWCLASS>D</VIEWCLASS>
    <VIEWGRANT>R</VIEWGRANT>
   </DD25V>
   <DD26V_TABLE>
    <DD26V>
     <VIEWNAME>ZSHCH_V_SP_EMP</VIEWNAME>
     <TABNAME>ZSHCH_D_PSPACE</TABNAME>
     <TABPOS>0001</TABPOS>
     <FORTABNAME>ZSHCH_D_PSPACE</FORTABNAME>
    </DD26V>
    <DD26V>
     <VIEWNAME>ZSHCH_V_SP_EMP</VIEWNAME>
     <TABNAME>ZSHCH_D_STYPE</TABNAME>
     <TABPOS>0002</TABPOS>
    </DD26V>
    <DD26V>
     <VIEWNAME>ZSHCH_V_SP_EMP</VIEWNAME>
     <TABNAME>ZSHCH_D_PTYPE</TABNAME>
     <TABPOS>0003</TABPOS>
    </DD26V>
   </DD26V_TABLE>
   <DD27P_TABLE>
    <DD27P>
     <VIEWFIELD>MANDT</VIEWFIELD>
     <TABNAME>ZSHCH_D_PSPACE</TABNAME>
     <FIELDNAME>MANDT</FIELDNAME>
     <KEYFLAG>X</KEYFLAG>
    </DD27P>
    <DD27P>
     <VIEWFIELD>SPACE_ID</VIEWFIELD>
     <TABNAME>ZSHCH_D_PSPACE</TABNAME>
     <FIELDNAME>SPACE_ID</FIELDNAME>
     <KEYFLAG>X</KEYFLAG>
    </DD27P>
    <DD27P>
     <VIEWFIELD>PARKING_NAME</VIEWFIELD>
     <TABNAME>ZSHCH_D_PTYPE</TABNAME>
     <FIELDNAME>PARKING_NAME</FIELDNAME>
     <KEYFLAG>X</KEYFLAG>
     <SHLPORIGIN>F</SHLPORIGIN>
     <VALEXI>X</VALEXI>
    </DD27P>
    <DD27P>
     <VIEWFIELD>ADDRESS</VIEWFIELD>
     <TABNAME>ZSHCH_D_PTYPE</TABNAME>
     <FIELDNAME>ADDRESS</FIELDNAME>
     <KEYFLAG>X</KEYFLAG>
    </DD27P>
    <DD27P>
     <VIEWFIELD>SPACE_SIZE</VIEWFIELD>
     <TABNAME>ZSHCH_D_STYPE</TABNAME>
     <FIELDNAME>SPACE_SIZE</FIELDNAME>
     <KEYFLAG>X</KEYFLAG>
    </DD27P>
    <DD27P>
     <VIEWFIELD>BICYCLE_AVAILABILITY</VIEWFIELD>
     <TABNAME>ZSHCH_D_PTYPE</TABNAME>
     <FIELDNAME>BICYCLE_AVAILABILITY</FIELDNAME>
     <KEYFLAG>X</KEYFLAG>
     <SHLPORIGIN>F</SHLPORIGIN>
     <VALEXI>X</VALEXI>
    </DD27P>
    <DD27P>
     <VIEWFIELD>RENTAL_DAY</VIEWFIELD>
     <TABNAME>ZSHCH_D_STYPE</TABNAME>
     <FIELDNAME>RENTAL_DAY</FIELDNAME>
     <KEYFLAG>X</KEYFLAG>
     <REFTABLE>TCURC</REFTABLE>
     <REFFIELD>WAERS</REFFIELD>
    </DD27P>
    <DD27P>
     <VIEWFIELD>SPACE_TYPE_ID</VIEWFIELD>
     <TABNAME>ZSHCH_D_STYPE</TABNAME>
     <FIELDNAME>SPACE_TYPE_ID</FIELDNAME>
     <KEYFLAG>X</KEYFLAG>
    </DD27P>
    <DD27P>
     <VIEWFIELD>PARKING_TYPE_ID</VIEWFIELD>
     <TABNAME>ZSHCH_D_PTYPE</TABNAME>
     <FIELDNAME>PARKING_TYPE_ID</FIELDNAME>
     <KEYFLAG>X</KEYFLAG>
    </DD27P>
   </DD27P_TABLE>
   <DD28J_TABLE>
    <DD28J>
     <VIEWNAME>ZSHCH_V_SP_EMP</VIEWNAME>
     <LTAB>ZSHCH_D_STYPE</LTAB>
     <LFIELD>MANDT</LFIELD>
     <OPERATOR>EQ</OPERATOR>
     <RTAB>ZSHCH_D_PSPACE</RTAB>
     <RFIELD>MANDT</RFIELD>
     <SOURCE>S</SOURCE>
    </DD28J>
    <DD28J>
     <VIEWNAME>ZSHCH_V_SP_EMP</VIEWNAME>
     <LTAB>ZSHCH_D_STYPE</LTAB>
     <LFIELD>SPACE_TYPE_ID</LFIELD>
     <OPERATOR>EQ</OPERATOR>
     <RTAB>ZSHCH_D_PSPACE</RTAB>
     <RFIELD>SPACE_TYPE_ID</RFIELD>
     <SOURCE>S</SOURCE>
    </DD28J>
    <DD28J>
     <VIEWNAME>ZSHCH_V_SP_EMP</VIEWNAME>
     <LTAB>ZSHCH_D_PTYPE</LTAB>
     <LFIELD>MANDT</LFIELD>
     <OPERATOR>EQ</OPERATOR>
     <RTAB>ZSHCH_D_STYPE</RTAB>
     <RFIELD>MANDT</RFIELD>
     <SOURCE>S</SOURCE>
    </DD28J>
    <DD28J>
     <VIEWNAME>ZSHCH_V_SP_EMP</VIEWNAME>
     <LTAB>ZSHCH_D_PTYPE</LTAB>
     <LFIELD>PARKING_TYPE_ID</LFIELD>
     <OPERATOR>EQ</OPERATOR>
     <RTAB>ZSHCH_D_STYPE</RTAB>
     <RFIELD>PARKING_TYPE_ID</RFIELD>
     <SOURCE>S</SOURCE>
    </DD28J>
   </DD28J_TABLE>
   <DD28V_TABLE>
    <DD28V>
     <CONDNAME>ZSHCH_V_SP_EMP</CONDNAME>
     <POSITION>0009</POSITION>
     <TABNAME>ZSHCH_D_PSPACE</TABNAME>
     <FIELDNAME>OCCUPATION_STATUS</FIELDNAME>
     <OPERATOR>EQ</OPERATOR>
     <CONSTANTS>&apos;1&apos;</CONSTANTS>
    </DD28V>
   </DD28V_TABLE>
  </asx:values>
 </asx:abap>
</abapGit>
