﻿<?xml version="1.0" encoding="utf-8"?>
<abapGit version="v1.0.0" serializer="LCL_OBJECT_VIEW" serializer_version="v1.0.0">
 <asx:abap xmlns:asx="http://www.sap.com/abapxml" version="1.0">
  <asx:values>
   <DD25V>
    <VIEWNAME>ZSHCH_V_SP_FIN</VIEWNAME>
    <AS4LOCAL>A</AS4LOCAL>
    <DDLANGUAGE>E</DDLANGUAGE>
    <AGGTYPE>V</AGGTYPE>
    <ROOTTAB>ZSHCH_D_STYPE</ROOTTAB>
    <DDTEXT>Change parking space type financial parameters</DDTEXT>
    <VIEWCLASS>C</VIEWCLASS>
    <CUSTOMAUTH>A</CUSTOMAUTH>
    <VIEWGRANT>U</VIEWGRANT>
    <GLOBALFLAG>X</GLOBALFLAG>
   </DD25V>
   <DD26V_TABLE>
    <DD26V>
     <VIEWNAME>ZSHCH_V_SP_FIN</VIEWNAME>
     <TABNAME>ZSHCH_D_STYPE</TABNAME>
     <TABPOS>0001</TABPOS>
     <FORTABNAME>ZSHCH_D_STYPE</FORTABNAME>
    </DD26V>
    <DD26V>
     <VIEWNAME>ZSHCH_V_SP_FIN</VIEWNAME>
     <TABNAME>ZSHCH_D_PTYPE</TABNAME>
     <TABPOS>0002</TABPOS>
     <FORTABNAME>ZSHCH_D_STYPE</FORTABNAME>
     <FORFIELD>PARKING_TYPE_ID</FORFIELD>
     <FORDIR>E</FORDIR>
    </DD26V>
   </DD26V_TABLE>
   <DD27P_TABLE>
    <DD27P>
     <VIEWFIELD>MANDT</VIEWFIELD>
     <TABNAME>ZSHCH_D_STYPE</TABNAME>
     <FIELDNAME>MANDT</FIELDNAME>
     <KEYFLAG>X</KEYFLAG>
    </DD27P>
    <DD27P>
     <VIEWFIELD>SPACE_TYPE_ID</VIEWFIELD>
     <TABNAME>ZSHCH_D_STYPE</TABNAME>
     <FIELDNAME>SPACE_TYPE_ID</FIELDNAME>
     <KEYFLAG>X</KEYFLAG>
    </DD27P>
    <DD27P>
     <VIEWFIELD>PARKING_TYPE_ID</VIEWFIELD>
     <TABNAME>ZSHCH_D_PTYPE</TABNAME>
     <FIELDNAME>PARKING_TYPE_ID</FIELDNAME>
     <KEYFLAG>X</KEYFLAG>
    </DD27P>
    <DD27P>
     <VIEWFIELD>SPACE_SIZE</VIEWFIELD>
     <TABNAME>ZSHCH_D_STYPE</TABNAME>
     <FIELDNAME>SPACE_SIZE</FIELDNAME>
     <RDONLY>R</RDONLY>
    </DD27P>
    <DD27P>
     <VIEWFIELD>RENTAL_DAY</VIEWFIELD>
     <TABNAME>ZSHCH_D_STYPE</TABNAME>
     <FIELDNAME>RENTAL_DAY</FIELDNAME>
     <REFTABLE>TCURC</REFTABLE>
     <REFFIELD>WAERS</REFFIELD>
    </DD27P>
    <DD27P>
     <VIEWFIELD>ADMINISTRATION_FEE</VIEWFIELD>
     <TABNAME>ZSHCH_D_STYPE</TABNAME>
     <FIELDNAME>ADMINISTRATION_FEE</FIELDNAME>
     <REFTABLE>TCURC</REFTABLE>
     <REFFIELD>WAERS</REFFIELD>
    </DD27P>
    <DD27P>
     <VIEWFIELD>CURRENT_SPACE_PRICE</VIEWFIELD>
     <TABNAME>ZSHCH_D_STYPE</TABNAME>
     <FIELDNAME>CURRENT_SPACE_PRICE</FIELDNAME>
     <REFTABLE>TCURC</REFTABLE>
     <REFFIELD>WAERS</REFFIELD>
    </DD27P>
    <DD27P>
     <VIEWFIELD>PARKING_NAME</VIEWFIELD>
     <TABNAME>ZSHCH_D_PTYPE</TABNAME>
     <FIELDNAME>PARKING_NAME</FIELDNAME>
     <RDONLY>R</RDONLY>
     <SHLPORIGIN>F</SHLPORIGIN>
     <VALEXI>X</VALEXI>
    </DD27P>
    <DD27P>
     <VIEWFIELD>ADDRESS</VIEWFIELD>
     <TABNAME>ZSHCH_D_PTYPE</TABNAME>
     <FIELDNAME>ADDRESS</FIELDNAME>
     <RDONLY>R</RDONLY>
    </DD27P>
    <DD27P>
     <VIEWFIELD>BICYCLE_AVAILABILITY</VIEWFIELD>
     <TABNAME>ZSHCH_D_PTYPE</TABNAME>
     <FIELDNAME>BICYCLE_AVAILABILITY</FIELDNAME>
     <RDONLY>R</RDONLY>
     <SHLPORIGIN>F</SHLPORIGIN>
     <VALEXI>X</VALEXI>
    </DD27P>
   </DD27P_TABLE>
   <DD28J_TABLE>
    <DD28J>
     <VIEWNAME>ZSHCH_V_SP_FIN</VIEWNAME>
     <LTAB>ZSHCH_D_PTYPE</LTAB>
     <LFIELD>MANDT</LFIELD>
     <OPERATOR>EQ</OPERATOR>
     <RTAB>ZSHCH_D_STYPE</RTAB>
     <RFIELD>MANDT</RFIELD>
     <SOURCE>F</SOURCE>
     <FRKTAB>ZSHCH_D_STYPE</FRKTAB>
     <FRKFIELD>PARKING_TYPE_ID</FRKFIELD>
     <FRKDIR>E</FRKDIR>
    </DD28J>
    <DD28J>
     <VIEWNAME>ZSHCH_V_SP_FIN</VIEWNAME>
     <LTAB>ZSHCH_D_PTYPE</LTAB>
     <LFIELD>PARKING_TYPE_ID</LFIELD>
     <OPERATOR>EQ</OPERATOR>
     <RTAB>ZSHCH_D_STYPE</RTAB>
     <RFIELD>PARKING_TYPE_ID</RFIELD>
     <SOURCE>F</SOURCE>
     <FRKTAB>ZSHCH_D_STYPE</FRKTAB>
     <FRKFIELD>PARKING_TYPE_ID</FRKFIELD>
     <FRKDIR>E</FRKDIR>
    </DD28J>
   </DD28J_TABLE>
  </asx:values>
 </asx:abap>
</abapGit>
