﻿<?xml version="1.0" encoding="utf-8"?>
<abapGit version="v1.0.0" serializer="LCL_OBJECT_DTEL" serializer_version="v1.0.0">
 <asx:abap xmlns:asx="http://www.sap.com/abapxml" version="1.0">
  <asx:values>
   <DD04V>
    <ROLLNAME>ZSHCH_OWNER_ID</ROLLNAME>
    <DDLANGUAGE>E</DDLANGUAGE>
    <DOMNAME>ZSHCH_TYPICAL_ID</DOMNAME>
    <HEADLEN>55</HEADLEN>
    <SCRLEN1>10</SCRLEN1>
    <SCRLEN2>20</SCRLEN2>
    <SCRLEN3>40</SCRLEN3>
    <DDTEXT>Owner ID</DDTEXT>
    <REPTEXT>Owner ID</REPTEXT>
    <SCRTEXT_S>Owner ID</SCRTEXT_S>
    <SCRTEXT_M>Owner ID</SCRTEXT_M>
    <SCRTEXT_L>Owner ID</SCRTEXT_L>
    <DTELMASTER>E</DTELMASTER>
    <REFKIND>D</REFKIND>
   </DD04V>
   <I18N_LANGS>
    <LANGU>R</LANGU>
   </I18N_LANGS>
   <DD04_TEXTS>
    <item>
     <DDLANGUAGE>R</DDLANGUAGE>
     <DDTEXT>Идентификатор владельца</DDTEXT>
     <REPTEXT>Идентификатор владельца</REPTEXT>
     <SCRTEXT_S>ID влад-ца</SCRTEXT_S>
     <SCRTEXT_M>ID владельца</SCRTEXT_M>
     <SCRTEXT_L>Идентификатор владельца</SCRTEXT_L>
    </item>
   </DD04_TEXTS>
  </asx:values>
 </asx:abap>
</abapGit>
