﻿<?xml version="1.0" encoding="utf-8"?>
<abapGit version="v1.0.0" serializer="LCL_OBJECT_DTEL" serializer_version="v1.0.0">
 <asx:abap xmlns:asx="http://www.sap.com/abapxml" version="1.0">
  <asx:values>
   <DD04V>
    <ROLLNAME>ZSHCH_SPACE_SIZE</ROLLNAME>
    <DDLANGUAGE>E</DDLANGUAGE>
    <DOMNAME>ZSHCH_SPACE_SIZE</DOMNAME>
    <HEADLEN>55</HEADLEN>
    <SCRLEN1>10</SCRLEN1>
    <SCRLEN2>20</SCRLEN2>
    <SCRLEN3>40</SCRLEN3>
    <DDTEXT>Parking space size (dimensions)</DDTEXT>
    <REPTEXT>Parking space size (dimensions)</REPTEXT>
    <SCRTEXT_S>Space size</SCRTEXT_S>
    <SCRTEXT_M>Parking space size</SCRTEXT_M>
    <SCRTEXT_L>Parking space size (dimensions)</SCRTEXT_L>
    <DTELMASTER>E</DTELMASTER>
    <REFKIND>D</REFKIND>
   </DD04V>
   <I18N_LANGS>
    <LANGU>R</LANGU>
   </I18N_LANGS>
   <DD04_TEXTS>
    <item>
     <DDLANGUAGE>R</DDLANGUAGE>
     <DDTEXT>Размер парковочного места (габариты)</DDTEXT>
     <REPTEXT>Размер парковочного места (габариты)</REPTEXT>
     <SCRTEXT_S>Габариты</SCRTEXT_S>
     <SCRTEXT_M>Размер паркоместа</SCRTEXT_M>
     <SCRTEXT_L>Размер парковочного места (габариты)</SCRTEXT_L>
    </item>
   </DD04_TEXTS>
  </asx:values>
 </asx:abap>
</abapGit>
