﻿<?xml version="1.0" encoding="utf-8"?>
<abapGit version="v1.0.0" serializer="LCL_OBJECT_DOMA" serializer_version="v1.0.0">
 <asx:abap xmlns:asx="http://www.sap.com/abapxml" version="1.0">
  <asx:values>
   <DD01V>
    <DOMNAME>ZSHCH_RENTAL</DOMNAME>
    <DDLANGUAGE>E</DDLANGUAGE>
    <DATATYPE>CURR</DATATYPE>
    <LENG>000010</LENG>
    <OUTPUTLEN>000013</OUTPUTLEN>
    <DECIMALS>000002</DECIMALS>
    <DDTEXT>Rental</DDTEXT>
   </DD01V>
   <I18N_LANGS>
    <LANGU>R</LANGU>
   </I18N_LANGS>
   <DD01_TEXTS>
    <item>
     <DDLANGUAGE>R</DDLANGUAGE>
     <DDTEXT>Размер арендной платы</DDTEXT>
    </item>
   </DD01_TEXTS>
  </asx:values>
 </asx:abap>
</abapGit>
