﻿<?xml version="1.0" encoding="utf-8"?>
<abapGit version="v1.0.0" serializer="LCL_OBJECT_SHLP" serializer_version="v1.0.0">
 <asx:abap xmlns:asx="http://www.sap.com/abapxml" version="1.0">
  <asx:values>
   <DD30V>
    <SHLPNAME>ZSHCH_H_OWNER</SHLPNAME>
    <DDLANGUAGE>E</DDLANGUAGE>
    <DDTEXT>Owners</DDTEXT>
    <ISSIMPLE>X</ISSIMPLE>
    <SELMETHOD>ZSHCH_D_OWNER</SELMETHOD>
    <SELMTYPE>X</SELMTYPE>
    <TEXTTAB>ZSHCH_D_OWNER_T</TEXTTAB>
    <DIALOGTYPE>D</DIALOGTYPE>
    <FUZZY_SIMILARITY>0.8</FUZZY_SIMILARITY>
   </DD30V>
   <DD32P_TABLE>
    <DD32P>
     <SHLPNAME>ZSHCH_H_OWNER</SHLPNAME>
     <FIELDNAME>OWNER_ID</FIELDNAME>
     <FLPOSITION>0001</FLPOSITION>
     <ROLLNAME>ZSHCH_OWNER_ID</ROLLNAME>
     <SHLPINPUT>X</SHLPINPUT>
     <SHLPOUTPUT>X</SHLPOUTPUT>
     <SHLPSELPOS>01</SHLPSELPOS>
     <SHLPLISPOS>01</SHLPLISPOS>
     <SCRLEN3>40</SCRLEN3>
    </DD32P>
    <DD32P>
     <SHLPNAME>ZSHCH_H_OWNER</SHLPNAME>
     <FIELDNAME>FIRST_NAME</FIELDNAME>
     <FLPOSITION>0002</FLPOSITION>
     <ROLLNAME>ZSHCH_FIRST_NAME</ROLLNAME>
     <SHLPOUTPUT>X</SHLPOUTPUT>
     <SHLPSELPOS>02</SHLPSELPOS>
     <SHLPLISPOS>02</SHLPLISPOS>
     <SCRLEN3>40</SCRLEN3>
    </DD32P>
    <DD32P>
     <SHLPNAME>ZSHCH_H_OWNER</SHLPNAME>
     <FIELDNAME>LAST_NAME</FIELDNAME>
     <FLPOSITION>0003</FLPOSITION>
     <ROLLNAME>ZSHCH_LAST_NAME</ROLLNAME>
     <SHLPOUTPUT>X</SHLPOUTPUT>
     <SHLPSELPOS>03</SHLPSELPOS>
     <SHLPLISPOS>03</SHLPLISPOS>
     <SCRLEN3>40</SCRLEN3>
    </DD32P>
    <DD32P>
     <SHLPNAME>ZSHCH_H_OWNER</SHLPNAME>
     <FIELDNAME>BIRTH_DATE</FIELDNAME>
     <FLPOSITION>0004</FLPOSITION>
     <ROLLNAME>ZSHCH_BIRTH_DATE</ROLLNAME>
     <SHLPOUTPUT>X</SHLPOUTPUT>
     <SHLPSELPOS>04</SHLPSELPOS>
     <SHLPLISPOS>04</SHLPLISPOS>
     <SCRLEN3>40</SCRLEN3>
    </DD32P>
   </DD32P_TABLE>
  </asx:values>
 </asx:abap>
</abapGit>
