﻿<?xml version="1.0" encoding="utf-8"?>
<abapGit version="v1.0.0" serializer="LCL_OBJECT_VIEW" serializer_version="v1.0.0">
 <asx:abap xmlns:asx="http://www.sap.com/abapxml" version="1.0">
  <asx:values>
   <DD25V>
    <VIEWNAME>ZSHCH_V_CONTACT</VIEWNAME>
    <AS4LOCAL>A</AS4LOCAL>
    <DDLANGUAGE>E</DDLANGUAGE>
    <AGGTYPE>V</AGGTYPE>
    <ROOTTAB>ZSHCH_D_CONTACT</ROOTTAB>
    <DDTEXT>Contacts</DDTEXT>
    <VIEWCLASS>C</VIEWCLASS>
    <CUSTOMAUTH>A</CUSTOMAUTH>
    <VIEWGRANT>U</VIEWGRANT>
    <GLOBALFLAG>X</GLOBALFLAG>
   </DD25V>
   <DD26V_TABLE>
    <DD26V>
     <VIEWNAME>ZSHCH_V_CONTACT</VIEWNAME>
     <TABNAME>ZSHCH_D_CONTACT</TABNAME>
     <TABPOS>0001</TABPOS>
     <FORTABNAME>ZSHCH_D_CONTACT</FORTABNAME>
    </DD26V>
   </DD26V_TABLE>
   <DD27P_TABLE>
    <DD27P>
     <VIEWFIELD>MANDT</VIEWFIELD>
     <TABNAME>ZSHCH_D_CONTACT</TABNAME>
     <FIELDNAME>MANDT</FIELDNAME>
     <KEYFLAG>X</KEYFLAG>
    </DD27P>
    <DD27P>
     <VIEWFIELD>CONTACT_ID</VIEWFIELD>
     <TABNAME>ZSHCH_D_CONTACT</TABNAME>
     <FIELDNAME>CONTACT_ID</FIELDNAME>
     <KEYFLAG>X</KEYFLAG>
    </DD27P>
    <DD27P>
     <VIEWFIELD>PHONE_NUMBER</VIEWFIELD>
     <TABNAME>ZSHCH_D_CONTACT</TABNAME>
     <FIELDNAME>PHONE_NUMBER</FIELDNAME>
    </DD27P>
    <DD27P>
     <VIEWFIELD>EMAIL</VIEWFIELD>
     <TABNAME>ZSHCH_D_CONTACT</TABNAME>
     <FIELDNAME>EMAIL</FIELDNAME>
    </DD27P>
    <DD27P>
     <VIEWFIELD>ADDRESS</VIEWFIELD>
     <TABNAME>ZSHCH_D_CONTACT</TABNAME>
     <FIELDNAME>ADDRESS</FIELDNAME>
    </DD27P>
   </DD27P_TABLE>
  </asx:values>
 </asx:abap>
</abapGit>
