﻿<?xml version="1.0" encoding="utf-8"?>
<abapGit version="v1.0.0" serializer="LCL_OBJECT_DTEL" serializer_version="v1.0.0">
 <asx:abap xmlns:asx="http://www.sap.com/abapxml" version="1.0">
  <asx:values>
   <DD04V>
    <ROLLNAME>ZSHCH_RENT_END_DATE</ROLLNAME>
    <DDLANGUAGE>E</DDLANGUAGE>
    <DOMNAME>DATUM</DOMNAME>
    <HEADLEN>55</HEADLEN>
    <SCRLEN1>10</SCRLEN1>
    <SCRLEN2>20</SCRLEN2>
    <SCRLEN3>40</SCRLEN3>
    <DDTEXT>Rent period ending (Date)</DDTEXT>
    <REPTEXT>Rent period ending (Date)</REPTEXT>
    <SCRTEXT_S>Till-Date</SCRTEXT_S>
    <SCRTEXT_M>Rent ending (Date)</SCRTEXT_M>
    <SCRTEXT_L>Rent period ending (Date)</SCRTEXT_L>
    <DTELMASTER>E</DTELMASTER>
    <REFKIND>D</REFKIND>
   </DD04V>
   <I18N_LANGS>
    <LANGU>R</LANGU>
   </I18N_LANGS>
   <DD04_TEXTS>
    <item>
     <DDLANGUAGE>R</DDLANGUAGE>
     <DDTEXT>Конец периода аренды (Дата)</DDTEXT>
     <REPTEXT>Конец периода аренды (Дата)</REPTEXT>
     <SCRTEXT_S>По (Дата)</SCRTEXT_S>
     <SCRTEXT_M>Конец аренды (Дата)</SCRTEXT_M>
     <SCRTEXT_L>Конец периода аренды (Дата)</SCRTEXT_L>
    </item>
   </DD04_TEXTS>
  </asx:values>
 </asx:abap>
</abapGit>
