﻿<?xml version="1.0" encoding="utf-8"?>
<abapGit version="v1.0.0" serializer="LCL_OBJECT_DTEL" serializer_version="v1.0.0">
 <asx:abap xmlns:asx="http://www.sap.com/abapxml" version="1.0">
  <asx:values>
   <DD04V>
    <ROLLNAME>ZSHCH_RENTAL_DAY</ROLLNAME>
    <DDLANGUAGE>E</DDLANGUAGE>
    <DOMNAME>ZSHCH_RENTAL</DOMNAME>
    <HEADLEN>55</HEADLEN>
    <SCRLEN1>10</SCRLEN1>
    <SCRLEN2>20</SCRLEN2>
    <SCRLEN3>40</SCRLEN3>
    <DDTEXT>Rental per day for parking space</DDTEXT>
    <REPTEXT>Rental per day for parking space</REPTEXT>
    <SCRTEXT_S>Rental day</SCRTEXT_S>
    <SCRTEXT_M>Rental per day</SCRTEXT_M>
    <SCRTEXT_L>Rental per day for parking space</SCRTEXT_L>
    <DTELMASTER>E</DTELMASTER>
    <REFKIND>D</REFKIND>
   </DD04V>
   <I18N_LANGS>
    <LANGU>R</LANGU>
   </I18N_LANGS>
   <DD04_TEXTS>
    <item>
     <DDLANGUAGE>R</DDLANGUAGE>
     <DDTEXT>Арендная плата за сутки за парковочное место</DDTEXT>
     <REPTEXT>Арендная плата за сутки за парковочное место</REPTEXT>
     <SCRTEXT_S>Стоимость</SCRTEXT_S>
     <SCRTEXT_M>Стоимость за сутки</SCRTEXT_M>
     <SCRTEXT_L>Арендная плата за сутки за место</SCRTEXT_L>
    </item>
   </DD04_TEXTS>
  </asx:values>
 </asx:abap>
</abapGit>
