﻿<?xml version="1.0" encoding="utf-8"?>
<abapGit version="v1.0.0" serializer="LCL_OBJECT_DTEL" serializer_version="v1.0.0">
 <asx:abap xmlns:asx="http://www.sap.com/abapxml" version="1.0">
  <asx:values>
   <DD04V>
    <ROLLNAME>ZSHCH_EMAIL</ROLLNAME>
    <DDLANGUAGE>E</DDLANGUAGE>
    <DOMNAME>ZSHCH_EMAIL</DOMNAME>
    <HEADLEN>50</HEADLEN>
    <SCRLEN1>10</SCRLEN1>
    <SCRLEN2>20</SCRLEN2>
    <SCRLEN3>40</SCRLEN3>
    <DDTEXT>Email (electronic mail)</DDTEXT>
    <REPTEXT>Email (electronic mail)</REPTEXT>
    <SCRTEXT_S>Email</SCRTEXT_S>
    <SCRTEXT_M>Email</SCRTEXT_M>
    <SCRTEXT_L>Email (electronic mail)</SCRTEXT_L>
    <DTELMASTER>E</DTELMASTER>
    <REFKIND>D</REFKIND>
   </DD04V>
   <I18N_LANGS>
    <LANGU>R</LANGU>
   </I18N_LANGS>
   <DD04_TEXTS>
    <item>
     <DDLANGUAGE>R</DDLANGUAGE>
     <DDTEXT>Email (электронная почта)</DDTEXT>
     <REPTEXT>Email (электронная почта)</REPTEXT>
     <SCRTEXT_S>Почта</SCRTEXT_S>
     <SCRTEXT_M>Почта</SCRTEXT_M>
     <SCRTEXT_L>Email (электронная почта)</SCRTEXT_L>
    </item>
   </DD04_TEXTS>
  </asx:values>
 </asx:abap>
</abapGit>
