﻿<?xml version="1.0" encoding="utf-8"?>
<abapGit version="v1.0.0" serializer="LCL_OBJECT_TABL" serializer_version="v1.0.0">
 <asx:abap xmlns:asx="http://www.sap.com/abapxml" version="1.0">
  <asx:values>
   <DD02V>
    <TABNAME>ZSHCH_S_UNPAID_SPACE</TABNAME>
    <DDLANGUAGE>E</DDLANGUAGE>
    <TABCLASS>INTTAB</TABCLASS>
    <DDTEXT>Parking spaces with unpaid administrative fee/rental</DDTEXT>
    <EXCLASS>4</EXCLASS>
   </DD02V>
   <DD03P_TABLE>
    <DD03P>
     <FIELDNAME>SPACE_ID</FIELDNAME>
     <ROLLNAME>ZSHCH_SPACE_ID</ROLLNAME>
     <ADMINFIELD>0</ADMINFIELD>
     <COMPTYPE>E</COMPTYPE>
    </DD03P>
    <DD03P>
     <FIELDNAME>FIRST_NAME</FIELDNAME>
     <ROLLNAME>ZSHCH_FIRST_NAME</ROLLNAME>
     <ADMINFIELD>0</ADMINFIELD>
     <COMPTYPE>E</COMPTYPE>
    </DD03P>
    <DD03P>
     <FIELDNAME>LAST_NAME</FIELDNAME>
     <ROLLNAME>ZSHCH_LAST_NAME</ROLLNAME>
     <ADMINFIELD>0</ADMINFIELD>
     <COMPTYPE>E</COMPTYPE>
    </DD03P>
    <DD03P>
     <FIELDNAME>PHONE_NUMBER</FIELDNAME>
     <ROLLNAME>ZSHCH_PHONE_NUMBER</ROLLNAME>
     <ADMINFIELD>0</ADMINFIELD>
     <COMPTYPE>E</COMPTYPE>
    </DD03P>
    <DD03P>
     <FIELDNAME>ADMINISTRATION_FEE</FIELDNAME>
     <ROLLNAME>ZSHCH_ADMINISTRATION_FEE</ROLLNAME>
     <ADMINFIELD>0</ADMINFIELD>
     <REFTABLE>TCURC</REFTABLE>
     <REFFIELD>WAERS</REFFIELD>
     <COMPTYPE>E</COMPTYPE>
    </DD03P>
    <DD03P>
     <FIELDNAME>RENTAL_FINAL</FIELDNAME>
     <ROLLNAME>ZSHCH_RENTAL_FINAL</ROLLNAME>
     <ADMINFIELD>0</ADMINFIELD>
     <REFTABLE>TCURC</REFTABLE>
     <REFFIELD>WAERS</REFFIELD>
     <COMPTYPE>E</COMPTYPE>
    </DD03P>
    <DD03P>
     <FIELDNAME>RENT_END_DATE</FIELDNAME>
     <ROLLNAME>ZSHCH_RENT_END_DATE</ROLLNAME>
     <ADMINFIELD>0</ADMINFIELD>
     <SHLPORIGIN>T</SHLPORIGIN>
     <COMPTYPE>E</COMPTYPE>
    </DD03P>
   </DD03P_TABLE>
   <I18N_LANGS>
    <LANGU>R</LANGU>
   </I18N_LANGS>
   <DD02_TEXTS>
    <item>
     <DDLANGUAGE>R</DDLANGUAGE>
     <DDTEXT>Парковочные места с неоплаченными админ./аренд. платежами</DDTEXT>
    </item>
   </DD02_TEXTS>
  </asx:values>
 </asx:abap>
</abapGit>
