﻿<?xml version="1.0" encoding="utf-8"?>
<abapGit version="v1.0.0" serializer="LCL_OBJECT_VIEW" serializer_version="v1.0.0">
 <asx:abap xmlns:asx="http://www.sap.com/abapxml" version="1.0">
  <asx:values>
   <DD25V>
    <VIEWNAME>ZSHCH_V_UNP_ADM</VIEWNAME>
    <AS4LOCAL>A</AS4LOCAL>
    <DDLANGUAGE>E</DDLANGUAGE>
    <AGGTYPE>V</AGGTYPE>
    <ROOTTAB>ZSHCH_D_PSPACE</ROOTTAB>
    <DDTEXT>Parking spaces with unpaid administrative fee</DDTEXT>
    <VIEWCLASS>D</VIEWCLASS>
    <VIEWGRANT>R</VIEWGRANT>
   </DD25V>
   <DD26V_TABLE>
    <DD26V>
     <VIEWNAME>ZSHCH_V_UNP_ADM</VIEWNAME>
     <TABNAME>ZSHCH_D_PSPACE</TABNAME>
     <TABPOS>0001</TABPOS>
     <FORTABNAME>ZSHCH_D_PSPACE</FORTABNAME>
    </DD26V>
    <DD26V>
     <VIEWNAME>ZSHCH_V_UNP_ADM</VIEWNAME>
     <TABNAME>ZSHCH_D_OWNER</TABNAME>
     <TABPOS>0002</TABPOS>
    </DD26V>
    <DD26V>
     <VIEWNAME>ZSHCH_V_UNP_ADM</VIEWNAME>
     <TABNAME>ZSHCH_D_STYPE</TABNAME>
     <TABPOS>0003</TABPOS>
    </DD26V>
    <DD26V>
     <VIEWNAME>ZSHCH_V_UNP_ADM</VIEWNAME>
     <TABNAME>ZSHCH_D_CONTACT</TABNAME>
     <TABPOS>0004</TABPOS>
    </DD26V>
    <DD26V>
     <VIEWNAME>ZSHCH_V_UNP_ADM</VIEWNAME>
     <TABNAME>ZSHCH_D_OWNER_T</TABNAME>
     <TABPOS>0005</TABPOS>
    </DD26V>
   </DD26V_TABLE>
   <DD27P_TABLE>
    <DD27P>
     <VIEWFIELD>MANDT</VIEWFIELD>
     <TABNAME>ZSHCH_D_PSPACE</TABNAME>
     <FIELDNAME>MANDT</FIELDNAME>
     <KEYFLAG>X</KEYFLAG>
    </DD27P>
    <DD27P>
     <VIEWFIELD>SPACE_ID</VIEWFIELD>
     <TABNAME>ZSHCH_D_PSPACE</TABNAME>
     <FIELDNAME>SPACE_ID</FIELDNAME>
     <KEYFLAG>X</KEYFLAG>
    </DD27P>
    <DD27P>
     <VIEWFIELD>OWNER_ID</VIEWFIELD>
     <TABNAME>ZSHCH_D_PSPACE</TABNAME>
     <FIELDNAME>OWNER_ID</FIELDNAME>
     <KEYFLAG>X</KEYFLAG>
     <CHECKTABLE>ZSHCH_D_OWNER</CHECKTABLE>
     <SHLPORIGIN>P</SHLPORIGIN>
    </DD27P>
    <DD27P>
     <VIEWFIELD>FIRST_NAME</VIEWFIELD>
     <TABNAME>ZSHCH_D_OWNER_T</TABNAME>
     <FIELDNAME>FIRST_NAME</FIELDNAME>
     <KEYFLAG>X</KEYFLAG>
    </DD27P>
    <DD27P>
     <VIEWFIELD>LAST_NAME</VIEWFIELD>
     <TABNAME>ZSHCH_D_OWNER_T</TABNAME>
     <FIELDNAME>LAST_NAME</FIELDNAME>
     <KEYFLAG>X</KEYFLAG>
    </DD27P>
    <DD27P>
     <VIEWFIELD>LANGU</VIEWFIELD>
     <TABNAME>ZSHCH_D_OWNER_T</TABNAME>
     <FIELDNAME>LANGU</FIELDNAME>
     <KEYFLAG>X</KEYFLAG>
     <SHLPORIGIN>D</SHLPORIGIN>
     <SHLPNAME>H_T002</SHLPNAME>
     <SHLPFIELD>SPRAS</SHLPFIELD>
     <LOGFLAG>X</LOGFLAG>
    </DD27P>
    <DD27P>
     <VIEWFIELD>PHONE_NUMBER</VIEWFIELD>
     <TABNAME>ZSHCH_D_CONTACT</TABNAME>
     <FIELDNAME>PHONE_NUMBER</FIELDNAME>
     <KEYFLAG>X</KEYFLAG>
    </DD27P>
    <DD27P>
     <VIEWFIELD>ADMINISTRATION_FEE</VIEWFIELD>
     <TABNAME>ZSHCH_D_STYPE</TABNAME>
     <FIELDNAME>ADMINISTRATION_FEE</FIELDNAME>
     <KEYFLAG>X</KEYFLAG>
     <REFTABLE>TCURC</REFTABLE>
     <REFFIELD>WAERS</REFFIELD>
    </DD27P>
    <DD27P>
     <VIEWFIELD>CONTACT_ID</VIEWFIELD>
     <TABNAME>ZSHCH_D_CONTACT</TABNAME>
     <FIELDNAME>CONTACT_ID</FIELDNAME>
     <KEYFLAG>X</KEYFLAG>
    </DD27P>
   </DD27P_TABLE>
   <DD28J_TABLE>
    <DD28J>
     <VIEWNAME>ZSHCH_V_UNP_ADM</VIEWNAME>
     <LTAB>ZSHCH_D_OWNER</LTAB>
     <LFIELD>MANDT</LFIELD>
     <OPERATOR>EQ</OPERATOR>
     <RTAB>ZSHCH_D_PSPACE</RTAB>
     <RFIELD>MANDT</RFIELD>
     <SOURCE>S</SOURCE>
    </DD28J>
    <DD28J>
     <VIEWNAME>ZSHCH_V_UNP_ADM</VIEWNAME>
     <LTAB>ZSHCH_D_OWNER</LTAB>
     <LFIELD>OWNER_ID</LFIELD>
     <OPERATOR>EQ</OPERATOR>
     <RTAB>ZSHCH_D_PSPACE</RTAB>
     <RFIELD>OWNER_ID</RFIELD>
     <SOURCE>S</SOURCE>
    </DD28J>
    <DD28J>
     <VIEWNAME>ZSHCH_V_UNP_ADM</VIEWNAME>
     <LTAB>ZSHCH_D_STYPE</LTAB>
     <LFIELD>MANDT</LFIELD>
     <OPERATOR>EQ</OPERATOR>
     <RTAB>ZSHCH_D_PSPACE</RTAB>
     <RFIELD>MANDT</RFIELD>
     <SOURCE>S</SOURCE>
    </DD28J>
    <DD28J>
     <VIEWNAME>ZSHCH_V_UNP_ADM</VIEWNAME>
     <LTAB>ZSHCH_D_STYPE</LTAB>
     <LFIELD>SPACE_TYPE_ID</LFIELD>
     <OPERATOR>EQ</OPERATOR>
     <RTAB>ZSHCH_D_PSPACE</RTAB>
     <RFIELD>SPACE_TYPE_ID</RFIELD>
     <SOURCE>S</SOURCE>
    </DD28J>
    <DD28J>
     <VIEWNAME>ZSHCH_V_UNP_ADM</VIEWNAME>
     <LTAB>ZSHCH_D_CONTACT</LTAB>
     <LFIELD>MANDT</LFIELD>
     <OPERATOR>EQ</OPERATOR>
     <RTAB>ZSHCH_D_OWNER</RTAB>
     <RFIELD>MANDT</RFIELD>
     <SOURCE>S</SOURCE>
    </DD28J>
    <DD28J>
     <VIEWNAME>ZSHCH_V_UNP_ADM</VIEWNAME>
     <LTAB>ZSHCH_D_CONTACT</LTAB>
     <LFIELD>CONTACT_ID</LFIELD>
     <OPERATOR>EQ</OPERATOR>
     <RTAB>ZSHCH_D_OWNER</RTAB>
     <RFIELD>CONTACT_ID</RFIELD>
     <SOURCE>S</SOURCE>
    </DD28J>
    <DD28J>
     <VIEWNAME>ZSHCH_V_UNP_ADM</VIEWNAME>
     <LTAB>ZSHCH_D_OWNER</LTAB>
     <LFIELD>MANDT</LFIELD>
     <OPERATOR>EQ</OPERATOR>
     <RTAB>ZSHCH_D_OWNER_T</RTAB>
     <RFIELD>MANDT</RFIELD>
     <SOURCE>S</SOURCE>
    </DD28J>
    <DD28J>
     <VIEWNAME>ZSHCH_V_UNP_ADM</VIEWNAME>
     <LTAB>ZSHCH_D_OWNER</LTAB>
     <LFIELD>OWNER_ID</LFIELD>
     <OPERATOR>EQ</OPERATOR>
     <RTAB>ZSHCH_D_OWNER_T</RTAB>
     <RFIELD>OWNER_ID</RFIELD>
     <SOURCE>S</SOURCE>
    </DD28J>
   </DD28J_TABLE>
   <DD28V_TABLE>
    <DD28V>
     <CONDNAME>ZSHCH_V_UNP_ADM</CONDNAME>
     <POSITION>0017</POSITION>
     <TABNAME>ZSHCH_D_PSPACE</TABNAME>
     <FIELDNAME>PAYMENT_STATUS</FIELDNAME>
     <OPERATOR>EQ</OPERATOR>
     <CONSTANTS>&apos;2&apos;</CONSTANTS>
    </DD28V>
   </DD28V_TABLE>
  </asx:values>
 </asx:abap>
</abapGit>
