﻿<?xml version="1.0" encoding="utf-8"?>
<abapGit version="v1.0.0" serializer="LCL_OBJECT_TOBJ" serializer_version="v1.0.0">
 <asx:abap xmlns:asx="http://www.sap.com/abapxml" version="1.0">
  <asx:values>
   <OBJH>
    <OBJECTNAME>ZSHCH_VC_OWNER</OBJECTNAME>
    <OBJECTTYPE>C</OBJECTTYPE>
    <CLIDEP>X</CLIDEP>
    <OBJCATEG>APPL</OBJCATEG>
    <IMPORTABLE>3</IMPORTABLE>
   </OBJH>
   <OBJT>
    <LANGUAGE>E</LANGUAGE>
    <OBJECTNAME>ZSHCH_VC_OWNER</OBJECTNAME>
    <OBJECTTYPE>C</OBJECTTYPE>
    <DDTEXT>Owners with contacts</DDTEXT>
   </OBJT>
   <OBJS>
    <OBJS>
     <OBJECTNAME>ZSHCH_VC_OWNER</OBJECTNAME>
     <OBJECTTYPE>C</OBJECTTYPE>
     <TABNAME>ZSHCH_V_CONTACT</TABNAME>
     <DDIC>X</DDIC>
    </OBJS>
    <OBJS>
     <OBJECTNAME>ZSHCH_VC_OWNER</OBJECTNAME>
     <OBJECTTYPE>C</OBJECTTYPE>
     <TABNAME>ZSHCH_V_OWNER</TABNAME>
     <DDIC>X</DDIC>
    </OBJS>
   </OBJS>
  </asx:values>
 </asx:abap>
</abapGit>
