﻿<?xml version="1.0" encoding="utf-8"?>
<abapGit version="v1.0.0" serializer="LCL_OBJECT_CLAS" serializer_version="v1.0.0">
 <asx:abap xmlns:asx="http://www.sap.com/abapxml" version="1.0">
  <asx:values>
   <VSEOCLASS>
    <CLSNAME>ZCX_SHCH_PARKING</CLSNAME>
    <LANGU>E</LANGU>
    <DESCRIPT>Parking exception class</DESCRIPT>
    <CATEGORY>40</CATEGORY>
    <STATE>1</STATE>
    <CLSCCINCL>X</CLSCCINCL>
    <FIXPT>X</FIXPT>
    <UNICODE>X</UNICODE>
   </VSEOCLASS>
   <DESCRIPTIONS>
    <SEOCOMPOTX>
     <CLSNAME>ZCX_SHCH_PARKING</CLSNAME>
     <CMPNAME>CONSTRUCTOR</CMPNAME>
     <LANGU>E</LANGU>
     <DESCRIPT>CONSTRUCTOR</DESCRIPT>
    </SEOCOMPOTX>
    <SEOCOMPOTX>
     <CLSNAME>ZCX_SHCH_PARKING</CLSNAME>
     <CMPNAME>MV_ACTION_NAME</CMPNAME>
     <LANGU>E</LANGU>
     <DESCRIPT>S&amp;AM Action Name</DESCRIPT>
    </SEOCOMPOTX>
    <SEOCOMPOTX>
     <CLSNAME>ZCX_SHCH_PARKING</CLSNAME>
     <CMPNAME>MV_OWNER_ID</CMPNAME>
     <LANGU>E</LANGU>
     <DESCRIPT>Owner ID</DESCRIPT>
    </SEOCOMPOTX>
    <SEOCOMPOTX>
     <CLSNAME>ZCX_SHCH_PARKING</CLSNAME>
     <CMPNAME>MV_RENTER_ID</CMPNAME>
     <LANGU>E</LANGU>
     <DESCRIPT>Renter ID</DESCRIPT>
    </SEOCOMPOTX>
    <SEOCOMPOTX>
     <CLSNAME>ZCX_SHCH_PARKING</CLSNAME>
     <CMPNAME>MV_RENT_ORDER_ID</CMPNAME>
     <LANGU>E</LANGU>
     <DESCRIPT>Rent order ID</DESCRIPT>
    </SEOCOMPOTX>
    <SEOCOMPOTX>
     <CLSNAME>ZCX_SHCH_PARKING</CLSNAME>
     <CMPNAME>MV_SPACE_ID</CMPNAME>
     <LANGU>E</LANGU>
     <DESCRIPT>Parking space ID (number)</DESCRIPT>
    </SEOCOMPOTX>
   </DESCRIPTIONS>
  </asx:values>
 </asx:abap>
</abapGit>
