﻿<?xml version="1.0" encoding="utf-8"?>
<abapGit version="v1.0.0" serializer="LCL_OBJECT_CLAS" serializer_version="v1.0.0">
 <asx:abap xmlns:asx="http://www.sap.com/abapxml" version="1.0">
  <asx:values>
   <VSEOCLASS>
    <CLSNAME>ZSHCH_CL_PARKING_ORDERS_COLL</CLSNAME>
    <LANGU>E</LANGU>
    <DESCRIPT>Parking rent orders collection</DESCRIPT>
    <STATE>1</STATE>
    <CLSCCINCL>X</CLSCCINCL>
    <FIXPT>X</FIXPT>
    <UNICODE>X</UNICODE>
   </VSEOCLASS>
   <TPOOL>
    <item>
     <ID>I</ID>
     <KEY>I01</KEY>
     <ENTRY>Total earning for period from</ENTRY>
     <LENGTH>58</LENGTH>
    </item>
    <item>
     <ID>I</ID>
     <KEY>I02</KEY>
     <ENTRY>till</ENTRY>
     <LENGTH>14</LENGTH>
    </item>
   </TPOOL>
   <DESCRIPTIONS>
    <SEOCOMPOTX>
     <CLSNAME>ZSHCH_CL_PARKING_ORDERS_COLL</CLSNAME>
     <CMPNAME>CONSTRUCTOR</CMPNAME>
     <LANGU>E</LANGU>
     <DESCRIPT>CONSTRUCTOR</DESCRIPT>
    </SEOCOMPOTX>
    <SEOCOMPOTX>
     <CLSNAME>ZSHCH_CL_PARKING_ORDERS_COLL</CLSNAME>
     <CMPNAME>CREATE_ORDER</CMPNAME>
     <LANGU>E</LANGU>
     <DESCRIPT>Create new order</DESCRIPT>
    </SEOCOMPOTX>
    <SEOCOMPOTX>
     <CLSNAME>ZSHCH_CL_PARKING_ORDERS_COLL</CLSNAME>
     <CMPNAME>CREATE_REPORT</CMPNAME>
     <LANGU>E</LANGU>
     <DESCRIPT>Create report</DESCRIPT>
    </SEOCOMPOTX>
    <SEOCOMPOTX>
     <CLSNAME>ZSHCH_CL_PARKING_ORDERS_COLL</CLSNAME>
     <CMPNAME>GET_INSTANCE</CMPNAME>
     <LANGU>E</LANGU>
     <DESCRIPT>Get rent orders collection instance</DESCRIPT>
    </SEOCOMPOTX>
    <SEOCOMPOTX>
     <CLSNAME>ZSHCH_CL_PARKING_ORDERS_COLL</CLSNAME>
     <CMPNAME>GET_NEXT_ORDER_ID</CMPNAME>
     <LANGU>E</LANGU>
     <DESCRIPT>Generate id for new order</DESCRIPT>
    </SEOCOMPOTX>
    <SEOCOMPOTX>
     <CLSNAME>ZSHCH_CL_PARKING_ORDERS_COLL</CLSNAME>
     <CMPNAME>GET_ORDER</CMPNAME>
     <LANGU>E</LANGU>
     <DESCRIPT>Get rent order</DESCRIPT>
    </SEOCOMPOTX>
    <SEOCOMPOTX>
     <CLSNAME>ZSHCH_CL_PARKING_ORDERS_COLL</CLSNAME>
     <CMPNAME>MO_DAO</CMPNAME>
     <LANGU>E</LANGU>
     <DESCRIPT>Library data access</DESCRIPT>
    </SEOCOMPOTX>
    <SEOCOMPOTX>
     <CLSNAME>ZSHCH_CL_PARKING_ORDERS_COLL</CLSNAME>
     <CMPNAME>SO_INSTANCE</CMPNAME>
     <LANGU>E</LANGU>
     <DESCRIPT>Parking rent orders collection</DESCRIPT>
    </SEOCOMPOTX>
   </DESCRIPTIONS>
  </asx:values>
 </asx:abap>
</abapGit>
