﻿<?xml version="1.0" encoding="utf-8"?>
<abapGit version="v1.0.0" serializer="LCL_OBJECT_MSAG" serializer_version="v1.0.0">
 <asx:abap xmlns:asx="http://www.sap.com/abapxml" version="1.0">
  <asx:values>
   <T100A>
    <ARBGB>ZSHCH_PARKING</ARBGB>
    <MASTERLANG>E</MASTERLANG>
    <STEXT>Parking messages</STEXT>
   </T100A>
   <T100>
    <T100>
     <SPRSL>E</SPRSL>
     <ARBGB>ZSHCH_PARKING</ARBGB>
     <MSGNR>000</MSGNR>
     <TEXT>&amp;1 &amp;2 &amp;3 &amp;4</TEXT>
    </T100>
    <T100>
     <SPRSL>E</SPRSL>
     <ARBGB>ZSHCH_PARKING</ARBGB>
     <MSGNR>001</MSGNR>
     <TEXT>&amp;1&amp;2&amp;3&amp;4</TEXT>
    </T100>
    <T100>
     <SPRSL>E</SPRSL>
     <ARBGB>ZSHCH_PARKING</ARBGB>
     <MSGNR>002</MSGNR>
     <TEXT>Unknown error.</TEXT>
    </T100>
    <T100>
     <SPRSL>E</SPRSL>
     <ARBGB>ZSHCH_PARKING</ARBGB>
     <MSGNR>003</MSGNR>
     <TEXT>Please fill all required fields.</TEXT>
    </T100>
    <T100>
     <SPRSL>E</SPRSL>
     <ARBGB>ZSHCH_PARKING</ARBGB>
     <MSGNR>004</MSGNR>
     <TEXT>Parking space number &apos;&amp;1&apos; is not available. Choose correct parking space!</TEXT>
    </T100>
    <T100>
     <SPRSL>E</SPRSL>
     <ARBGB>ZSHCH_PARKING</ARBGB>
     <MSGNR>005</MSGNR>
     <TEXT>Choose correct renter!</TEXT>
    </T100>
    <T100>
     <SPRSL>E</SPRSL>
     <ARBGB>ZSHCH_PARKING</ARBGB>
     <MSGNR>006</MSGNR>
     <TEXT>Parking space number &apos;&amp;1&apos; was successfully rented for &amp;2 days.</TEXT>
    </T100>
    <T100>
     <SPRSL>E</SPRSL>
     <ARBGB>ZSHCH_PARKING</ARBGB>
     <MSGNR>007</MSGNR>
     <TEXT>Choose correct owner!</TEXT>
    </T100>
    <T100>
     <SPRSL>E</SPRSL>
     <ARBGB>ZSHCH_PARKING</ARBGB>
     <MSGNR>008</MSGNR>
     <TEXT>Parking space number &apos;&amp;1&apos; is on rent now. Please choose another one.</TEXT>
    </T100>
    <T100>
     <SPRSL>E</SPRSL>
     <ARBGB>ZSHCH_PARKING</ARBGB>
     <MSGNR>009</MSGNR>
     <TEXT>Parking space number &apos;&amp;1&apos; was successfully bought by &amp;2 &amp;3.</TEXT>
    </T100>
    <T100>
     <SPRSL>E</SPRSL>
     <ARBGB>ZSHCH_PARKING</ARBGB>
     <MSGNR>010</MSGNR>
     <TEXT>New owner &amp;1 &amp;2 was successfully added.</TEXT>
    </T100>
    <T100>
     <SPRSL>E</SPRSL>
     <ARBGB>ZSHCH_PARKING</ARBGB>
     <MSGNR>011</MSGNR>
     <TEXT>New renter &amp;1 &amp;2 was successfully added.</TEXT>
    </T100>
    <T100>
     <SPRSL>E</SPRSL>
     <ARBGB>ZSHCH_PARKING</ARBGB>
     <MSGNR>012</MSGNR>
     <TEXT>Please fill correct owner ID.</TEXT>
    </T100>
    <T100>
     <SPRSL>E</SPRSL>
     <ARBGB>ZSHCH_PARKING</ARBGB>
     <MSGNR>013</MSGNR>
     <TEXT>Owner &amp;1 &amp;2 was successfully deleted.</TEXT>
    </T100>
    <T100>
     <SPRSL>E</SPRSL>
     <ARBGB>ZSHCH_PARKING</ARBGB>
     <MSGNR>014</MSGNR>
     <TEXT>Please fill correct renter ID.</TEXT>
    </T100>
    <T100>
     <SPRSL>E</SPRSL>
     <ARBGB>ZSHCH_PARKING</ARBGB>
     <MSGNR>015</MSGNR>
     <TEXT>Renter &amp;1 &amp;2 was successfully deleted.</TEXT>
    </T100>
    <T100>
     <SPRSL>E</SPRSL>
     <ARBGB>ZSHCH_PARKING</ARBGB>
     <MSGNR>016</MSGNR>
     <TEXT>Changes saved successfully.</TEXT>
    </T100>
    <T100>
     <SPRSL>E</SPRSL>
     <ARBGB>ZSHCH_PARKING</ARBGB>
     <MSGNR>017</MSGNR>
     <TEXT>Input value should be more than 0.</TEXT>
    </T100>
    <T100>
     <SPRSL>E</SPRSL>
     <ARBGB>ZSHCH_PARKING</ARBGB>
     <MSGNR>018</MSGNR>
     <TEXT>Input value should contain only alphabet characters.</TEXT>
    </T100>
    <T100>
     <SPRSL>E</SPRSL>
     <ARBGB>ZSHCH_PARKING</ARBGB>
     <MSGNR>019</MSGNR>
     <TEXT>Input birth date should be earlier than &amp;1</TEXT>
    </T100>
    <T100>
     <SPRSL>E</SPRSL>
     <ARBGB>ZSHCH_PARKING</ARBGB>
     <MSGNR>020</MSGNR>
     <TEXT>There is no such action &apos;&amp;1&apos; or action-class mapping is incorrect.</TEXT>
    </T100>
    <T100>
     <SPRSL>E</SPRSL>
     <ARBGB>ZSHCH_PARKING</ARBGB>
     <MSGNR>021</MSGNR>
     <TEXT>Action can not be completed.</TEXT>
    </T100>
    <T100>
     <SPRSL>E</SPRSL>
     <ARBGB>ZSHCH_PARKING</ARBGB>
     <MSGNR>022</MSGNR>
     <TEXT>Record for chosen Renter already locked.</TEXT>
    </T100>
    <T100>
     <SPRSL>E</SPRSL>
     <ARBGB>ZSHCH_PARKING</ARBGB>
     <MSGNR>023</MSGNR>
     <TEXT>Error in enqueue Renter.</TEXT>
    </T100>
    <T100>
     <SPRSL>E</SPRSL>
     <ARBGB>ZSHCH_PARKING</ARBGB>
     <MSGNR>024</MSGNR>
     <TEXT>Contact record already locked.</TEXT>
    </T100>
    <T100>
     <SPRSL>E</SPRSL>
     <ARBGB>ZSHCH_PARKING</ARBGB>
     <MSGNR>025</MSGNR>
     <TEXT>Error in enqueue Contact.</TEXT>
    </T100>
    <T100>
     <SPRSL>E</SPRSL>
     <ARBGB>ZSHCH_PARKING</ARBGB>
     <MSGNR>026</MSGNR>
     <TEXT>Unknown renter ID &apos;&amp;1&apos;. Choose correct renter.</TEXT>
    </T100>
    <T100>
     <SPRSL>E</SPRSL>
     <ARBGB>ZSHCH_PARKING</ARBGB>
     <MSGNR>027</MSGNR>
     <TEXT>Unknown owner ID &apos;&amp;1&apos;. Choose correct owner.</TEXT>
    </T100>
    <T100>
     <SPRSL>E</SPRSL>
     <ARBGB>ZSHCH_PARKING</ARBGB>
     <MSGNR>028</MSGNR>
     <TEXT>Order record already locked.</TEXT>
    </T100>
    <T100>
     <SPRSL>E</SPRSL>
     <ARBGB>ZSHCH_PARKING</ARBGB>
     <MSGNR>029</MSGNR>
     <TEXT>Error in enqueue Order.</TEXT>
    </T100>
    <T100>
     <SPRSL>E</SPRSL>
     <ARBGB>ZSHCH_PARKING</ARBGB>
     <MSGNR>030</MSGNR>
     <TEXT>Unknown space ID &apos;&amp;1&apos;.</TEXT>
    </T100>
    <T100>
     <SPRSL>E</SPRSL>
     <ARBGB>ZSHCH_PARKING</ARBGB>
     <MSGNR>031</MSGNR>
     <TEXT>Total earning for period from &amp;1 till &amp;2 = &amp;3.</TEXT>
    </T100>
    <T100>
     <SPRSL>E</SPRSL>
     <ARBGB>ZSHCH_PARKING</ARBGB>
     <MSGNR>032</MSGNR>
     <TEXT>Unknown rent order ID &apos;&amp;1&apos;.</TEXT>
    </T100>
    <T100>
     <SPRSL>E</SPRSL>
     <ARBGB>ZSHCH_PARKING</ARBGB>
     <MSGNR>033</MSGNR>
     <TEXT>Record for chosen Owner already locked.</TEXT>
    </T100>
    <T100>
     <SPRSL>E</SPRSL>
     <ARBGB>ZSHCH_PARKING</ARBGB>
     <MSGNR>034</MSGNR>
     <TEXT>Error in enqueue Owner.</TEXT>
    </T100>
    <T100>
     <SPRSL>E</SPRSL>
     <ARBGB>ZSHCH_PARKING</ARBGB>
     <MSGNR>035</MSGNR>
     <TEXT>Parking space record already locked.</TEXT>
    </T100>
    <T100>
     <SPRSL>E</SPRSL>
     <ARBGB>ZSHCH_PARKING</ARBGB>
     <MSGNR>036</MSGNR>
     <TEXT>Error in enqueue Parking space.</TEXT>
    </T100>
    <T100>
     <SPRSL>E</SPRSL>
     <ARBGB>ZSHCH_PARKING</ARBGB>
     <MSGNR>037</MSGNR>
     <TEXT>This function will be available soon...</TEXT>
    </T100>
    <T100>
     <SPRSL>E</SPRSL>
     <ARBGB>ZSHCH_PARKING</ARBGB>
     <MSGNR>038</MSGNR>
     <TEXT>Error in update task.</TEXT>
    </T100>
    <T100>
     <SPRSL>E</SPRSL>
     <ARBGB>ZSHCH_PARKING</ARBGB>
     <MSGNR>039</MSGNR>
     <TEXT>Renter ID missing.</TEXT>
    </T100>
    <T100>
     <SPRSL>E</SPRSL>
     <ARBGB>ZSHCH_PARKING</ARBGB>
     <MSGNR>040</MSGNR>
     <TEXT>Entity with such ID already exist.</TEXT>
    </T100>
    <T100>
     <SPRSL>E</SPRSL>
     <ARBGB>ZSHCH_PARKING</ARBGB>
     <MSGNR>041</MSGNR>
     <TEXT>Wrong parameter.</TEXT>
    </T100>
    <T100>
     <SPRSL>E</SPRSL>
     <ARBGB>ZSHCH_PARKING</ARBGB>
     <MSGNR>042</MSGNR>
    </T100>
    <T100>
     <SPRSL>E</SPRSL>
     <ARBGB>ZSHCH_PARKING</ARBGB>
     <MSGNR>043</MSGNR>
    </T100>
   </T100>
   <I18N_LANGS>
    <LANGU>R</LANGU>
   </I18N_LANGS>
   <T100T>
    <T100T>
     <SPRSL>R</SPRSL>
     <ARBGB>ZSHCH_PARKING</ARBGB>
     <STEXT>Сообщения (Паркинг)</STEXT>
    </T100T>
   </T100T>
   <T100_TEXTS>
    <item>
     <SPRSL>R</SPRSL>
     <MSGNR>000</MSGNR>
     <TEXT>&amp;1 &amp;2 &amp;3 &amp;4</TEXT>
    </item>
    <item>
     <SPRSL>R</SPRSL>
     <MSGNR>001</MSGNR>
     <TEXT>&amp;1&amp;2&amp;3&amp;4</TEXT>
    </item>
    <item>
     <SPRSL>R</SPRSL>
     <MSGNR>002</MSGNR>
     <TEXT>Неизвестная ошибка.</TEXT>
    </item>
    <item>
     <SPRSL>R</SPRSL>
     <MSGNR>003</MSGNR>
     <TEXT>Пожалуйста, заполните все требуемые поля.</TEXT>
    </item>
    <item>
     <SPRSL>R</SPRSL>
     <MSGNR>004</MSGNR>
     <TEXT>Парковочное место &apos;&amp;1&apos; недоступно. Выберите правильное парк. место.</TEXT>
    </item>
    <item>
     <SPRSL>R</SPRSL>
     <MSGNR>005</MSGNR>
     <TEXT>Выберите корректного арендатора.</TEXT>
    </item>
    <item>
     <SPRSL>R</SPRSL>
     <MSGNR>006</MSGNR>
     <TEXT>Парковочное место &apos;&amp;1&apos; было успешно арендовано на &amp;2 дня(дней).</TEXT>
    </item>
    <item>
     <SPRSL>R</SPRSL>
     <MSGNR>007</MSGNR>
     <TEXT>Выберите корректного владельца.</TEXT>
    </item>
    <item>
     <SPRSL>R</SPRSL>
     <MSGNR>008</MSGNR>
     <TEXT>Парковочное место номер &apos;&amp;1&apos; арендовано. Пожалуйста, выберите другое.</TEXT>
    </item>
    <item>
     <SPRSL>R</SPRSL>
     <MSGNR>009</MSGNR>
     <TEXT>Парковочное место номер &apos;&amp;1&apos; было успешно куплено &amp;2 &amp;3.</TEXT>
    </item>
    <item>
     <SPRSL>R</SPRSL>
     <MSGNR>010</MSGNR>
     <TEXT>Новый владелец &amp;1 &amp;2 был успешно добавлен.</TEXT>
    </item>
    <item>
     <SPRSL>R</SPRSL>
     <MSGNR>011</MSGNR>
     <TEXT>Новый арендатор &amp;1 &amp;2 был успешно добавлен.</TEXT>
    </item>
    <item>
     <SPRSL>R</SPRSL>
     <MSGNR>012</MSGNR>
     <TEXT>Пожалуйста, введите корректный ID владельца.</TEXT>
    </item>
    <item>
     <SPRSL>R</SPRSL>
     <MSGNR>013</MSGNR>
     <TEXT>Владелец &amp;1 &amp;2 был успешно удален.</TEXT>
    </item>
    <item>
     <SPRSL>R</SPRSL>
     <MSGNR>014</MSGNR>
     <TEXT>Пожалуйста, введите корректный ID арендатора.</TEXT>
    </item>
    <item>
     <SPRSL>R</SPRSL>
     <MSGNR>015</MSGNR>
     <TEXT>Арендатор &amp;1 &amp;2 был успешно удален.</TEXT>
    </item>
    <item>
     <SPRSL>R</SPRSL>
     <MSGNR>016</MSGNR>
     <TEXT>Изменения успешно сохранены.</TEXT>
    </item>
    <item>
     <SPRSL>R</SPRSL>
     <MSGNR>017</MSGNR>
     <TEXT>Вводимое значение должно быть больше чем 0.</TEXT>
    </item>
    <item>
     <SPRSL>R</SPRSL>
     <MSGNR>018</MSGNR>
     <TEXT>Вводимое значение должно содержать только знаки алфавита.</TEXT>
    </item>
    <item>
     <SPRSL>R</SPRSL>
     <MSGNR>019</MSGNR>
     <TEXT>Вводимая дата рождения должна быть меньше чем &amp;1</TEXT>
    </item>
    <item>
     <SPRSL>R</SPRSL>
     <MSGNR>020</MSGNR>
     <TEXT>Операция &apos;&amp;1&apos; отсутствует или некорректная связь операция-класс.</TEXT>
    </item>
    <item>
     <SPRSL>R</SPRSL>
     <MSGNR>021</MSGNR>
     <TEXT>Операция не может быть выполнена.</TEXT>
    </item>
    <item>
     <SPRSL>R</SPRSL>
     <MSGNR>022</MSGNR>
     <TEXT>Запись для выбранного Арендатора уже заблокирована.</TEXT>
    </item>
    <item>
     <SPRSL>R</SPRSL>
     <MSGNR>023</MSGNR>
     <TEXT>Ошибка в постановке в очередь на блокировку - Арендатор.</TEXT>
    </item>
    <item>
     <SPRSL>R</SPRSL>
     <MSGNR>024</MSGNR>
     <TEXT>Запись контакта уже заблокирована.</TEXT>
    </item>
    <item>
     <SPRSL>R</SPRSL>
     <MSGNR>025</MSGNR>
     <TEXT>Ошибка в постановке в очередь на блокировку - Контакт.</TEXT>
    </item>
    <item>
     <SPRSL>R</SPRSL>
     <MSGNR>026</MSGNR>
     <TEXT>Неизвестный арендатор с ID &apos;&amp;1&apos;. Выберите корректного арендатора.</TEXT>
    </item>
    <item>
     <SPRSL>R</SPRSL>
     <MSGNR>027</MSGNR>
     <TEXT>Неизвестный владелец с ID &apos;&amp;1&apos;. Выберите корректного владельца.</TEXT>
    </item>
    <item>
     <SPRSL>R</SPRSL>
     <MSGNR>028</MSGNR>
     <TEXT>Запись заказа уже заблокирована.</TEXT>
    </item>
    <item>
     <SPRSL>R</SPRSL>
     <MSGNR>029</MSGNR>
     <TEXT>Ошибка в постановке в очередь на блокировку - Заказ.</TEXT>
    </item>
    <item>
     <SPRSL>R</SPRSL>
     <MSGNR>030</MSGNR>
     <TEXT>Неизвестное парковочное место с ID &apos;&amp;1&apos;.</TEXT>
    </item>
    <item>
     <SPRSL>R</SPRSL>
     <MSGNR>031</MSGNR>
     <TEXT>Суммарная выручка за период с &amp;1 по &amp;2 = &amp;3.</TEXT>
    </item>
    <item>
     <SPRSL>R</SPRSL>
     <MSGNR>032</MSGNR>
     <TEXT>Неизвестный заказ аренды &apos;&amp;1&apos;.</TEXT>
    </item>
    <item>
     <SPRSL>R</SPRSL>
     <MSGNR>033</MSGNR>
     <TEXT>Запись с выбранным Владельцем уже заблокировано.</TEXT>
    </item>
    <item>
     <SPRSL>R</SPRSL>
     <MSGNR>034</MSGNR>
     <TEXT>Ошибка в постановке в очередь на блокировку - Владелец.</TEXT>
    </item>
    <item>
     <SPRSL>R</SPRSL>
     <MSGNR>035</MSGNR>
     <TEXT>Парковочное место уже заблокированою</TEXT>
    </item>
    <item>
     <SPRSL>R</SPRSL>
     <MSGNR>036</MSGNR>
     <TEXT>Ошибка в постановке в очередь на блокировку - Парковочное место.</TEXT>
    </item>
    <item>
     <SPRSL>R</SPRSL>
     <MSGNR>037</MSGNR>
     <TEXT>Данная функция вскоре будет доступна...</TEXT>
    </item>
    <item>
     <SPRSL>R</SPRSL>
     <MSGNR>038</MSGNR>
     <TEXT>Ошибка в задаче обновления.</TEXT>
    </item>
   </T100_TEXTS>
  </asx:values>
 </asx:abap>
</abapGit>
