﻿<?xml version="1.0" encoding="utf-8"?>
<abapGit version="v1.0.0" serializer="LCL_OBJECT_CLAS" serializer_version="v1.0.0">
 <asx:abap xmlns:asx="http://www.sap.com/abapxml" version="1.0">
  <asx:values>
   <VSEOCLASS>
    <CLSNAME>ZSHCH_CL_ABS_PARKING_PERSON</CLSNAME>
    <LANGU>E</LANGU>
    <DESCRIPT>Parking person</DESCRIPT>
    <STATE>1</STATE>
    <CLSCCINCL>X</CLSCCINCL>
    <FIXPT>X</FIXPT>
    <UNICODE>X</UNICODE>
   </VSEOCLASS>
   <DESCRIPTIONS>
    <SEOCOMPOTX>
     <CLSNAME>ZSHCH_CL_ABS_PARKING_PERSON</CLSNAME>
     <CMPNAME>ADD_CONTACT</CMPNAME>
     <LANGU>E</LANGU>
     <DESCRIPT>Add new contact for owner/renter</DESCRIPT>
    </SEOCOMPOTX>
    <SEOCOMPOTX>
     <CLSNAME>ZSHCH_CL_ABS_PARKING_PERSON</CLSNAME>
     <CMPNAME>MS_CONTACT</CMPNAME>
     <LANGU>E</LANGU>
     <DESCRIPT>Contacts</DESCRIPT>
    </SEOCOMPOTX>
    <SEOCOMPOTX>
     <CLSNAME>ZSHCH_CL_ABS_PARKING_PERSON</CLSNAME>
     <CMPNAME>SO_DAO</CMPNAME>
     <LANGU>E</LANGU>
     <DESCRIPT>Library data access</DESCRIPT>
    </SEOCOMPOTX>
   </DESCRIPTIONS>
  </asx:values>
 </asx:abap>
</abapGit>
