﻿<?xml version="1.0" encoding="utf-8"?>
<abapGit version="v1.0.0" serializer="LCL_OBJECT_CLAS" serializer_version="v1.0.0">
 <asx:abap xmlns:asx="http://www.sap.com/abapxml" version="1.0">
  <asx:values>
   <VSEOCLASS>
    <CLSNAME>ZSHCH_CL_PARKING_DAO</CLSNAME>
    <LANGU>E</LANGU>
    <DESCRIPT>Library data access</DESCRIPT>
    <STATE>1</STATE>
    <CLSCCINCL>X</CLSCCINCL>
    <FIXPT>X</FIXPT>
    <UNICODE>X</UNICODE>
   </VSEOCLASS>
   <DESCRIPTIONS>
    <SEOCOMPOTX>
     <CLSNAME>ZSHCH_CL_PARKING_DAO</CLSNAME>
     <CMPNAME>DELETE_TABLE_ENTRY</CMPNAME>
     <LANGU>E</LANGU>
     <DESCRIPT>Delete entry from db table</DESCRIPT>
    </SEOCOMPOTX>
    <SEOCOMPOTX>
     <CLSNAME>ZSHCH_CL_PARKING_DAO</CLSNAME>
     <CMPNAME>FILL_ALV_DATA</CMPNAME>
     <LANGU>E</LANGU>
     <DESCRIPT>Fill alv out tables with data</DESCRIPT>
    </SEOCOMPOTX>
    <SEOCOMPOTX>
     <CLSNAME>ZSHCH_CL_PARKING_DAO</CLSNAME>
     <CMPNAME>GET_INSTANCE</CMPNAME>
     <LANGU>E</LANGU>
     <DESCRIPT>Get single class instance</DESCRIPT>
    </SEOCOMPOTX>
    <SEOCOMPOTX>
     <CLSNAME>ZSHCH_CL_PARKING_DAO</CLSNAME>
     <CMPNAME>GET_ORDERS_BY_RANGE</CMPNAME>
     <LANGU>E</LANGU>
     <DESCRIPT>Get orders data (for Gateway test)</DESCRIPT>
    </SEOCOMPOTX>
    <SEOCOMPOTX>
     <CLSNAME>ZSHCH_CL_PARKING_DAO</CLSNAME>
     <CMPNAME>GET_RENTERS_BY_RANGE</CMPNAME>
     <LANGU>E</LANGU>
     <DESCRIPT>Get renters data (for Gateway test)</DESCRIPT>
    </SEOCOMPOTX>
    <SEOCOMPOTX>
     <CLSNAME>ZSHCH_CL_PARKING_DAO</CLSNAME>
     <CMPNAME>GET_TABLE_DATA</CMPNAME>
     <LANGU>E</LANGU>
     <DESCRIPT>Get all table entries</DESCRIPT>
    </SEOCOMPOTX>
    <SEOCOMPOTX>
     <CLSNAME>ZSHCH_CL_PARKING_DAO</CLSNAME>
     <CMPNAME>GET_TABLE_DATA_KEY</CMPNAME>
     <LANGU>E</LANGU>
     <DESCRIPT>Get table data specified by key</DESCRIPT>
    </SEOCOMPOTX>
    <SEOCOMPOTX>
     <CLSNAME>ZSHCH_CL_PARKING_DAO</CLSNAME>
     <CMPNAME>GET_TABLE_DATA_KEYS</CMPNAME>
     <LANGU>E</LANGU>
     <DESCRIPT>Get table data specified by key and grouped</DESCRIPT>
    </SEOCOMPOTX>
    <SEOCOMPOTX>
     <CLSNAME>ZSHCH_CL_PARKING_DAO</CLSNAME>
     <CMPNAME>GET_TABLE_ENTRY</CMPNAME>
     <LANGU>E</LANGU>
     <DESCRIPT>Get single table entry</DESCRIPT>
    </SEOCOMPOTX>
    <SEOCOMPOTX>
     <CLSNAME>ZSHCH_CL_PARKING_DAO</CLSNAME>
     <CMPNAME>INSERT_TABLE_ENTRY</CMPNAME>
     <LANGU>E</LANGU>
     <DESCRIPT>Insert entry into db table</DESCRIPT>
    </SEOCOMPOTX>
    <SEOCOMPOTX>
     <CLSNAME>ZSHCH_CL_PARKING_DAO</CLSNAME>
     <CMPNAME>MODIFY_TABLE</CMPNAME>
     <LANGU>E</LANGU>
     <DESCRIPT>Modify db table</DESCRIPT>
    </SEOCOMPOTX>
    <SEOCOMPOTX>
     <CLSNAME>ZSHCH_CL_PARKING_DAO</CLSNAME>
     <CMPNAME>MODIFY_TABLE_ENTRY</CMPNAME>
     <LANGU>E</LANGU>
     <DESCRIPT>Modify entry in db table</DESCRIPT>
    </SEOCOMPOTX>
    <SEOCOMPOTX>
     <CLSNAME>ZSHCH_CL_PARKING_DAO</CLSNAME>
     <CMPNAME>SO_INSTANCE</CMPNAME>
     <LANGU>E</LANGU>
     <DESCRIPT>Parking data access</DESCRIPT>
    </SEOCOMPOTX>
    <SEOCOMPOTX>
     <CLSNAME>ZSHCH_CL_PARKING_DAO</CLSNAME>
     <CMPNAME>UPDATE_TABLE_ENTRY</CMPNAME>
     <LANGU>E</LANGU>
     <DESCRIPT>Update entry in db table</DESCRIPT>
    </SEOCOMPOTX>
   </DESCRIPTIONS>
  </asx:values>
 </asx:abap>
</abapGit>
