﻿<?xml version="1.0" encoding="utf-8"?>
<abapGit version="v1.0.0" serializer="LCL_OBJECT_CLAS" serializer_version="v1.0.0">
 <asx:abap xmlns:asx="http://www.sap.com/abapxml" version="1.0">
  <asx:values>
   <VSEOCLASS>
    <CLSNAME>ZSHCH_CL_PARKING_RENTERS_COLL</CLSNAME>
    <LANGU>E</LANGU>
    <DESCRIPT>Parking renters collection</DESCRIPT>
    <STATE>1</STATE>
    <CLSCCINCL>X</CLSCCINCL>
    <FIXPT>X</FIXPT>
    <UNICODE>X</UNICODE>
   </VSEOCLASS>
   <TPOOL>
    <item>
     <ID>I</ID>
     <KEY>001</KEY>
     <ENTRY>Deleting renter</ENTRY>
     <LENGTH>25</LENGTH>
    </item>
    <item>
     <ID>I</ID>
     <KEY>002</KEY>
     <ENTRY>Do you want to delete chosen renter?</ENTRY>
     <LENGTH>72</LENGTH>
    </item>
    <item>
     <ID>I</ID>
     <KEY>003</KEY>
     <ENTRY>Yes</ENTRY>
     <LENGTH>13</LENGTH>
    </item>
    <item>
     <ID>I</ID>
     <KEY>004</KEY>
     <ENTRY>No</ENTRY>
     <LENGTH>12</LENGTH>
    </item>
   </TPOOL>
   <I18N_TPOOL>
    <item>
     <LANGUAGE>R</LANGUAGE>
     <TEXTPOOL>
      <item>
       <ID>I</ID>
       <KEY>001</KEY>
       <ENTRY>Удаление арендатора</ENTRY>
       <LENGTH>25</LENGTH>
      </item>
      <item>
       <ID>I</ID>
       <KEY>002</KEY>
       <ENTRY>Вы действительно хотите удалить выбранного арендатора?</ENTRY>
       <LENGTH>72</LENGTH>
      </item>
      <item>
       <ID>I</ID>
       <KEY>003</KEY>
       <ENTRY>Да</ENTRY>
       <LENGTH>13</LENGTH>
      </item>
      <item>
       <ID>I</ID>
       <KEY>004</KEY>
       <ENTRY>Нет</ENTRY>
       <LENGTH>12</LENGTH>
      </item>
     </TEXTPOOL>
    </item>
   </I18N_TPOOL>
   <I18N_LINES>
    <item>
     <LANGUAGE>R</LANGUAGE>
    </item>
   </I18N_LINES>
   <DESCRIPTIONS>
    <SEOCOMPOTX>
     <CLSNAME>ZSHCH_CL_PARKING_RENTERS_COLL</CLSNAME>
     <CMPNAME>ADD_RENTER</CMPNAME>
     <LANGU>E</LANGU>
     <DESCRIPT>Add new renter</DESCRIPT>
    </SEOCOMPOTX>
    <SEOCOMPOTX>
     <CLSNAME>ZSHCH_CL_PARKING_RENTERS_COLL</CLSNAME>
     <CMPNAME>CONSTRUCTOR</CMPNAME>
     <LANGU>E</LANGU>
     <DESCRIPT>CONSTRUCTOR</DESCRIPT>
    </SEOCOMPOTX>
    <SEOCOMPOTX>
     <CLSNAME>ZSHCH_CL_PARKING_RENTERS_COLL</CLSNAME>
     <CMPNAME>DEL_RENTER</CMPNAME>
     <LANGU>E</LANGU>
     <DESCRIPT>Delete renter</DESCRIPT>
    </SEOCOMPOTX>
    <SEOCOMPOTX>
     <CLSNAME>ZSHCH_CL_PARKING_RENTERS_COLL</CLSNAME>
     <CMPNAME>EDIT_RENTER</CMPNAME>
     <LANGU>E</LANGU>
     <DESCRIPT>Edit renter&apos;s data/contact</DESCRIPT>
    </SEOCOMPOTX>
    <SEOCOMPOTX>
     <CLSNAME>ZSHCH_CL_PARKING_RENTERS_COLL</CLSNAME>
     <CMPNAME>GET_INSTANCE</CMPNAME>
     <LANGU>E</LANGU>
     <DESCRIPT>Get renters collection instance</DESCRIPT>
    </SEOCOMPOTX>
    <SEOCOMPOTX>
     <CLSNAME>ZSHCH_CL_PARKING_RENTERS_COLL</CLSNAME>
     <CMPNAME>GET_NEXT_CONTACT_ID</CMPNAME>
     <LANGU>E</LANGU>
     <DESCRIPT>Generate ID for new contact</DESCRIPT>
    </SEOCOMPOTX>
    <SEOCOMPOTX>
     <CLSNAME>ZSHCH_CL_PARKING_RENTERS_COLL</CLSNAME>
     <CMPNAME>GET_NEXT_RENTER_ID</CMPNAME>
     <LANGU>E</LANGU>
     <DESCRIPT>Generate ID for new renter</DESCRIPT>
    </SEOCOMPOTX>
    <SEOCOMPOTX>
     <CLSNAME>ZSHCH_CL_PARKING_RENTERS_COLL</CLSNAME>
     <CMPNAME>GET_RENTER</CMPNAME>
     <LANGU>E</LANGU>
     <DESCRIPT>Get renter</DESCRIPT>
    </SEOCOMPOTX>
    <SEOCOMPOTX>
     <CLSNAME>ZSHCH_CL_PARKING_RENTERS_COLL</CLSNAME>
     <CMPNAME>MO_DAO</CMPNAME>
     <LANGU>E</LANGU>
     <DESCRIPT>Parking data access</DESCRIPT>
    </SEOCOMPOTX>
    <SEOCOMPOTX>
     <CLSNAME>ZSHCH_CL_PARKING_RENTERS_COLL</CLSNAME>
     <CMPNAME>SO_INSTANCE</CMPNAME>
     <LANGU>E</LANGU>
     <DESCRIPT>Parking renters collection</DESCRIPT>
    </SEOCOMPOTX>
   </DESCRIPTIONS>
  </asx:values>
 </asx:abap>
</abapGit>
