﻿<?xml version="1.0" encoding="utf-8"?>
<abapGit version="v1.0.0" serializer="LCL_OBJECT_CLAS" serializer_version="v1.0.0">
 <asx:abap xmlns:asx="http://www.sap.com/abapxml" version="1.0">
  <asx:values>
   <VSEOCLASS>
    <CLSNAME>ZSHCH_CL_PARKING_SPACE</CLSNAME>
    <LANGU>E</LANGU>
    <DESCRIPT>Parking space (spot)</DESCRIPT>
    <STATE>1</STATE>
    <CLSCCINCL>X</CLSCCINCL>
    <FIXPT>X</FIXPT>
    <UNICODE>X</UNICODE>
   </VSEOCLASS>
   <DESCRIPTIONS>
    <SEOCOMPOTX>
     <CLSNAME>ZSHCH_CL_PARKING_SPACE</CLSNAME>
     <CMPNAME>CHANGE_OCCUP_STATUS</CMPNAME>
     <LANGU>E</LANGU>
     <DESCRIPT>Change occupation status of parking space after renting</DESCRIPT>
    </SEOCOMPOTX>
    <SEOCOMPOTX>
     <CLSNAME>ZSHCH_CL_PARKING_SPACE</CLSNAME>
     <CMPNAME>CHANGE_OWNER</CMPNAME>
     <LANGU>E</LANGU>
     <DESCRIPT>Change owner of parking space after buying</DESCRIPT>
    </SEOCOMPOTX>
    <SEOCOMPOTX>
     <CLSNAME>ZSHCH_CL_PARKING_SPACE</CLSNAME>
     <CMPNAME>CLASS_CONSTRUCTOR</CMPNAME>
     <LANGU>E</LANGU>
     <DESCRIPT>CLASS_CONSTRUCTOR</DESCRIPT>
    </SEOCOMPOTX>
    <SEOCOMPOTX>
     <CLSNAME>ZSHCH_CL_PARKING_SPACE</CLSNAME>
     <CMPNAME>CONSTRUCTOR</CMPNAME>
     <LANGU>E</LANGU>
     <DESCRIPT>CONSTRUCTOR</DESCRIPT>
    </SEOCOMPOTX>
    <SEOCOMPOTX>
     <CLSNAME>ZSHCH_CL_PARKING_SPACE</CLSNAME>
     <CMPNAME>MS_PARKING_TYPE_DATA</CMPNAME>
     <LANGU>E</LANGU>
     <DESCRIPT>Parking types</DESCRIPT>
    </SEOCOMPOTX>
    <SEOCOMPOTX>
     <CLSNAME>ZSHCH_CL_PARKING_SPACE</CLSNAME>
     <CMPNAME>MS_SPACE_DATA</CMPNAME>
     <LANGU>E</LANGU>
     <DESCRIPT>Parking spaces</DESCRIPT>
    </SEOCOMPOTX>
    <SEOCOMPOTX>
     <CLSNAME>ZSHCH_CL_PARKING_SPACE</CLSNAME>
     <CMPNAME>MS_SPACE_TYPE_DATA</CMPNAME>
     <LANGU>E</LANGU>
     <DESCRIPT>Parking space types</DESCRIPT>
    </SEOCOMPOTX>
    <SEOCOMPOTX>
     <CLSNAME>ZSHCH_CL_PARKING_SPACE</CLSNAME>
     <CMPNAME>SO_DAO</CMPNAME>
     <LANGU>E</LANGU>
     <DESCRIPT>Library data access</DESCRIPT>
    </SEOCOMPOTX>
   </DESCRIPTIONS>
  </asx:values>
 </asx:abap>
</abapGit>
