﻿<?xml version="1.0" encoding="utf-8"?>
<abapGit version="v1.0.0" serializer="LCL_OBJECT_CLAS" serializer_version="v1.0.0">
 <asx:abap xmlns:asx="http://www.sap.com/abapxml" version="1.0">
  <asx:values>
   <VSEOCLASS>
    <CLSNAME>ZSHCH_CL_PARKING</CLSNAME>
    <LANGU>E</LANGU>
    <DESCRIPT>Parking class - collection of parking spaces</DESCRIPT>
    <STATE>1</STATE>
    <CLSCCINCL>X</CLSCCINCL>
    <FIXPT>X</FIXPT>
    <UNICODE>X</UNICODE>
   </VSEOCLASS>
   <DESCRIPTIONS>
    <SEOCOMPOTX>
     <CLSNAME>ZSHCH_CL_PARKING</CLSNAME>
     <CMPNAME>CONSTRUCTOR</CMPNAME>
     <LANGU>E</LANGU>
     <DESCRIPT>CONSTRUCTOR</DESCRIPT>
    </SEOCOMPOTX>
    <SEOCOMPOTX>
     <CLSNAME>ZSHCH_CL_PARKING</CLSNAME>
     <CMPNAME>EDIT_SPACE</CMPNAME>
     <LANGU>E</LANGU>
     <DESCRIPT>Edit parking space parameters (financial)</DESCRIPT>
    </SEOCOMPOTX>
    <SEOCOMPOTX>
     <CLSNAME>ZSHCH_CL_PARKING</CLSNAME>
     <CMPNAME>GET_INSTANCE</CMPNAME>
     <LANGU>E</LANGU>
     <DESCRIPT>Get parking (spaces collection) instance</DESCRIPT>
    </SEOCOMPOTX>
    <SEOCOMPOTX>
     <CLSNAME>ZSHCH_CL_PARKING</CLSNAME>
     <CMPNAME>GET_SPACE</CMPNAME>
     <LANGU>E</LANGU>
     <DESCRIPT>Get parking space</DESCRIPT>
    </SEOCOMPOTX>
    <SEOCOMPOTX>
     <CLSNAME>ZSHCH_CL_PARKING</CLSNAME>
     <CMPNAME>MO_DAO</CMPNAME>
     <LANGU>E</LANGU>
     <DESCRIPT>Library data access</DESCRIPT>
    </SEOCOMPOTX>
    <SEOCOMPOTX>
     <CLSNAME>ZSHCH_CL_PARKING</CLSNAME>
     <CMPNAME>SO_INSTANCE</CMPNAME>
     <LANGU>E</LANGU>
     <DESCRIPT>Parking class - collection of parking spaces</DESCRIPT>
    </SEOCOMPOTX>
    <SEOCOMPOTX>
     <CLSNAME>ZSHCH_CL_PARKING</CLSNAME>
     <CMPNAME>UPDATE_STATUSES</CMPNAME>
     <LANGU>E</LANGU>
     <DESCRIPT>Update occupation statuses after the end of the rent</DESCRIPT>
    </SEOCOMPOTX>
   </DESCRIPTIONS>
  </asx:values>
 </asx:abap>
</abapGit>
