﻿<?xml version="1.0" encoding="utf-8"?>
<abapGit version="v1.0.0" serializer="LCL_OBJECT_W3MI" serializer_version="v2.0.0">
 <asx:abap xmlns:asx="http://www.sap.com/abapxml" version="1.0">
  <asx:values>
   <NAME>ZABAPGIT_ICON_FONT_CSS</NAME>
   <TEXT>abapGit - Icon Set CSS Map</TEXT>
   <PARAMS>
    <WWWPARAMS>
     <RELID>MI</RELID>
     <OBJID>ZABAPGIT_ICON_FONT_CSS</OBJID>
     <NAME>fileextension</NAME>
     <VALUE>.css</VALUE>
    </WWWPARAMS>
    <WWWPARAMS>
     <RELID>MI</RELID>
     <OBJID>ZABAPGIT_ICON_FONT_CSS</OBJID>
     <NAME>filename</NAME>
     <VALUE>ag-icons.css</VALUE>
    </WWWPARAMS>
    <WWWPARAMS>
     <RELID>MI</RELID>
     <OBJID>ZABAPGIT_ICON_FONT_CSS</OBJID>
     <NAME>mimetype</NAME>
     <VALUE>text/css</VALUE>
    </WWWPARAMS>
   </PARAMS>
  </asx:values>
 </asx:abap>
</abapGit>
