﻿<?xml version="1.0" encoding="utf-8"?>
<abapGit version="v1.0.0" serializer="LCL_OBJECT_W3MI" serializer_version="v2.0.0">
 <asx:abap xmlns:asx="http://www.sap.com/abapxml" version="1.0">
  <asx:values>
   <NAME>ZABAPGIT_JS_COMMON</NAME>
   <TEXT>abapGit - Common Scripts (JS)</TEXT>
   <PARAMS>
    <WWWPARAMS>
     <RELID>MI</RELID>
     <OBJID>ZABAPGIT_JS_COMMON</OBJID>
     <NAME>fileextension</NAME>
     <VALUE>.js</VALUE>
    </WWWPARAMS>
    <WWWPARAMS>
     <RELID>MI</RELID>
     <OBJID>ZABAPGIT_JS_COMMON</OBJID>
     <NAME>filename</NAME>
     <VALUE>common.js</VALUE>
    </WWWPARAMS>
    <WWWPARAMS>
     <RELID>MI</RELID>
     <OBJID>ZABAPGIT_JS_COMMON</OBJID>
     <NAME>mimetype</NAME>
     <VALUE>text/javascript</VALUE>
    </WWWPARAMS>
   </PARAMS>
  </asx:values>
 </asx:abap>
</abapGit>
